{
    "train": {
        "V_1": {
            "rmse": 0.6300455331802368,
            "mae": 0.5239524841308594,
            "kl": 3.9967273923537956,
            "n_masked": 1733
        },
        "V_2": {
            "rmse": 0.6281962394714355,
            "mae": 0.49531394243240356,
            "kl": 3.7378539148034906,
            "n_masked": 1681
        },
        "V_3": {
            "rmse": 0.6237536668777466,
            "mae": 0.4650772511959076,
            "kl": 4.984368416279925,
            "n_masked": 1767
        },
        "V_4": {
            "rmse": 0.5066352486610413,
            "mae": 0.33358603715896606,
            "kl": 3.072824169922571,
            "n_masked": 1706
        },
        "V_5": {
            "rmse": 0.48868027329444885,
            "mae": 0.31277501583099365,
            "kl": 3.5717102521966866,
            "n_masked": 1696
        },
        "V_6": {
            "rmse": 0.5091210603713989,
            "mae": 0.3409756124019623,
            "kl": 4.778265069293561,
            "n_masked": 1714
        },
        "V_7": {
            "rmse": 0.4812023937702179,
            "mae": 0.29384225606918335,
            "kl": 1.268212340517653,
            "n_masked": 1729
        },
        "V_8": {
            "rmse": 0.45055073499679565,
            "mae": 0.27026721835136414,
            "kl": 1.9386451405777558,
            "n_masked": 1738
        },
        "V_9": {
            "rmse": 0.1971239447593689,
            "mae": 0.051163800060749054,
            "kl": 0.8384907705574891,
            "n_masked": 1710
        },
        "V_10": {
            "rmse": 0.37479645013809204,
            "mae": 0.17685548961162567,
            "kl": 1.3953157853404763,
            "n_masked": 1748
        },
        "overall": {
            "rmse": 0.5049479007720947,
            "mae": 0.3263750374317169,
            "kl": 0.9934455808575252,
            "n_masked": 17222
        }
    },
    "val": {
        "V_1": {
            "rmse": 0.6229357123374939,
            "mae": 0.5190027952194214,
            "kl": 8.98162031105026,
            "n_masked": 366
        },
        "V_2": {
            "rmse": 0.6336514949798584,
            "mae": 0.5057801008224487,
            "kl": 9.494145846826962,
            "n_masked": 396
        },
        "V_3": {
            "rmse": 0.6090509295463562,
            "mae": 0.4525584280490875,
            "kl": 8.82810349776521,
            "n_masked": 359
        },
        "V_4": {
            "rmse": 0.536680281162262,
            "mae": 0.36667272448539734,
            "kl": 8.434110757316096,
            "n_masked": 388
        },
        "V_5": {
            "rmse": 0.494784414768219,
            "mae": 0.3200377821922302,
            "kl": 8.032073371676201,
            "n_masked": 417
        },
        "V_6": {
            "rmse": 0.4981206953525543,
            "mae": 0.3314598798751831,
            "kl": 8.639216214854672,
            "n_masked": 370
        },
        "V_7": {
            "rmse": 0.46917492151260376,
            "mae": 0.27703896164894104,
            "kl": 4.615849874801348,
            "n_masked": 344
        },
        "V_8": {
            "rmse": 0.44725140929222107,
            "mae": 0.26741641759872437,
            "kl": 4.379924279553949,
            "n_masked": 344
        },
        "V_9": {
            "rmse": 0.16042697429656982,
            "mae": 0.036895062774419785,
            "kl": 1.2742625867773951,
            "n_masked": 377
        },
        "V_10": {
            "rmse": 0.3648838698863983,
            "mae": 0.16934187710285187,
            "kl": 3.115857642166723,
            "n_masked": 376
        },
        "overall": {
            "rmse": 0.5026391744613647,
            "mae": 0.3253818452358246,
            "kl": 1.6540524206316725,
            "n_masked": 3737
        }
    },
    "test": {
        "V_1": {
            "rmse": 0.6631767153739929,
            "mae": 0.5745337009429932,
            "kl": 7.07678402078812,
            "n_masked": 360
        },
        "V_2": {
            "rmse": 0.630648136138916,
            "mae": 0.5000583529472351,
            "kl": 11.238526543963733,
            "n_masked": 408
        },
        "V_3": {
            "rmse": 0.6133314967155457,
            "mae": 0.4554310739040375,
            "kl": 8.190808922833886,
            "n_masked": 387
        },
        "V_4": {
            "rmse": 0.5078845620155334,
            "mae": 0.33785682916641235,
            "kl": 7.921808258639713,
            "n_masked": 346
        },
        "V_5": {
            "rmse": 0.5063086748123169,
            "mae": 0.3286379873752594,
            "kl": 7.7645770598790325,
            "n_masked": 362
        },
        "V_6": {
            "rmse": 0.5248007774353027,
            "mae": 0.3600526750087738,
            "kl": 8.478285248139679,
            "n_masked": 367
        },
        "V_7": {
            "rmse": 0.4873131513595581,
            "mae": 0.3067828416824341,
            "kl": 3.744808924810636,
            "n_masked": 368
        },
        "V_8": {
            "rmse": 0.41152244806289673,
            "mae": 0.23020295798778534,
            "kl": 3.874579622841024,
            "n_masked": 344
        },
        "V_9": {
            "rmse": 0.19200217723846436,
            "mae": 0.04912088066339493,
            "kl": 1.3626319090454484,
            "n_masked": 364
        },
        "V_10": {
            "rmse": 0.3595938980579376,
            "mae": 0.16045305132865906,
            "kl": 3.699211547618067,
            "n_masked": 350
        },
        "overall": {
            "rmse": 0.5107238292694092,
            "mae": 0.3340364098548889,
            "kl": 1.5092846001982125,
            "n_masked": 3656
        }
    }
}