{
    "xgboost": {
        "accuracy": 0.8405090712158138,
        "f1": 0.8591246113370008,
        "roc_auc": 0.917356565870415
    },
    "random_forest": {
        "accuracy": 0.8296777687516924,
        "f1": 0.8537549407114625,
        "roc_auc": 0.9042451015765007
    },
    "logistic_regression": {
        "accuracy": 0.760628215542919,
        "f1": 0.7908187411263607,
        "roc_auc": 0.8142834779030482
    }
}