{
    "xgboost": {
        "accuracy": 0.9036014080693203,
        "f1": 0.9159981123171307,
        "roc_auc": 0.9638773508109123
    },
    "random_forest": {
        "accuracy": 0.9036014080693203,
        "f1": 0.9175162187210381,
        "roc_auc": 0.9593960872248877
    },
    "logistic_regression": {
        "accuracy": 0.8602761982128351,
        "f1": 0.8786453433678268,
        "roc_auc": 0.9193366590828446
    }
}