{
    "xgboost": {
        "accuracy": 0.8694828053073382,
        "f1": 0.8853472882968602,
        "roc_auc": 0.9376648586755247
    },
    "random_forest": {
        "accuracy": 0.8616301110208503,
        "f1": 0.8817950497339809,
        "roc_auc": 0.9298394575430204
    },
    "logistic_regression": {
        "accuracy": 0.7744381261846737,
        "f1": 0.8040461067984004,
        "roc_auc": 0.8377915870265951
    }
}