{
    "xgboost": {
        "accuracy": 0.917140536149472,
        "f1": 0.9280677009873061,
        "roc_auc": 0.972302251590068
    },
    "random_forest": {
        "accuracy": 0.9147034930950447,
        "f1": 0.9263502454991817,
        "roc_auc": 0.9698168849873124
    },
    "logistic_regression": {
        "accuracy": 0.8992688870836718,
        "f1": 0.912470588235294,
        "roc_auc": 0.9528964137367568
    }
}