{
    "xgboost": {
        "accuracy": 0.843487679393447,
        "f1": 0.8613243761996161,
        "roc_auc": 0.9208341409159628
    },
    "random_forest": {
        "accuracy": 0.8272407256972651,
        "f1": 0.8519721577726218,
        "roc_auc": 0.9069499318648748
    },
    "logistic_regression": {
        "accuracy": 0.7427565664771189,
        "f1": 0.7780373831775701,
        "roc_auc": 0.7953984190265474
    }
}