{
    "train": {
        "V_1": {
            "rmse": 0.6586204767227173,
            "mae": 0.5611942410469055,
            "kl": 10.689163831379055,
            "n_masked": 1719
        },
        "V_2": {
            "rmse": 0.6243946552276611,
            "mae": 0.4910096526145935,
            "kl": 9.79981644474128,
            "n_masked": 1804
        },
        "V_3": {
            "rmse": 0.5913079977035522,
            "mae": 0.42657724022865295,
            "kl": 5.4739673525773656,
            "n_masked": 1767
        },
        "V_4": {
            "rmse": 0.49059411883354187,
            "mae": 0.3131347596645355,
            "kl": 8.98762291447388,
            "n_masked": 1708
        },
        "V_5": {
            "rmse": 0.47296106815338135,
            "mae": 0.29754987359046936,
            "kl": 7.933581132604821,
            "n_masked": 1746
        },
        "V_6": {
            "rmse": 0.506145179271698,
            "mae": 0.3368314206600189,
            "kl": 10.469140979391703,
            "n_masked": 1697
        },
        "V_7": {
            "rmse": 0.47102633118629456,
            "mae": 0.2873688340187073,
            "kl": 8.268310403564572,
            "n_masked": 1685
        },
        "V_8": {
            "rmse": 0.43888747692108154,
            "mae": 0.2585301399230957,
            "kl": 7.41108228893824,
            "n_masked": 1661
        },
        "V_9": {
            "rmse": 0.2268180102109909,
            "mae": 0.06312292814254761,
            "kl": 0.999322677701607,
            "n_masked": 1716
        },
        "V_10": {
            "rmse": 0.30720216035842896,
            "mae": 0.1348559558391571,
            "kl": 3.065044440217407,
            "n_masked": 1705
        },
        "overall": {
            "rmse": 0.4967460334300995,
            "mae": 0.3185773193836212,
            "kl": 2.0889343934865643,
            "n_masked": 17208
        }
    },
    "val": {
        "V_1": {
            "rmse": 0.6523880958557129,
            "mae": 0.5591678619384766,
            "kl": 13.109984477265353,
            "n_masked": 352
        },
        "V_2": {
            "rmse": 0.616381049156189,
            "mae": 0.4820815920829773,
            "kl": 14.148525769203708,
            "n_masked": 365
        },
        "V_3": {
            "rmse": 0.5959537625312805,
            "mae": 0.42893919348716736,
            "kl": 8.83493804020168,
            "n_masked": 359
        },
        "V_4": {
            "rmse": 0.5022017955780029,
            "mae": 0.32764020562171936,
            "kl": 10.186403755842765,
            "n_masked": 385
        },
        "V_5": {
            "rmse": 0.481982558965683,
            "mae": 0.31204429268836975,
            "kl": 9.898571160567114,
            "n_masked": 380
        },
        "V_6": {
            "rmse": 0.48869502544403076,
            "mae": 0.32215818762779236,
            "kl": 9.858291075084221,
            "n_masked": 361
        },
        "V_7": {
            "rmse": 0.45038139820098877,
            "mae": 0.26569101214408875,
            "kl": 7.869665098827765,
            "n_masked": 366
        },
        "V_8": {
            "rmse": 0.42605823278427124,
            "mae": 0.2455410361289978,
            "kl": 7.550294865942477,
            "n_masked": 363
        },
        "V_9": {
            "rmse": 0.22620941698551178,
            "mae": 0.06330645084381104,
            "kl": 1.4412529275260606,
            "n_masked": 372
        },
        "V_10": {
            "rmse": 0.28214946389198303,
            "mae": 0.11435927450656891,
            "kl": 3.069665594104534,
            "n_masked": 412
        },
        "overall": {
            "rmse": 0.4865763187408447,
            "mae": 0.30816519260406494,
            "kl": 5.275797806381944,
            "n_masked": 3715
        }
    },
    "test": {
        "V_1": {
            "rmse": 0.6466085910797119,
            "mae": 0.5406268239021301,
            "kl": 15.842893928743512,
            "n_masked": 377
        },
        "V_2": {
            "rmse": 0.6346472501754761,
            "mae": 0.501905083656311,
            "kl": 11.290965441492,
            "n_masked": 361
        },
        "V_3": {
            "rmse": 0.5888238549232483,
            "mae": 0.4143795967102051,
            "kl": 8.412191428759996,
            "n_masked": 369
        },
        "V_4": {
            "rmse": 0.5080477595329285,
            "mae": 0.34193137288093567,
            "kl": 10.315608880826316,
            "n_masked": 366
        },
        "V_5": {
            "rmse": 0.4790458381175995,
            "mae": 0.2966208755970001,
            "kl": 9.12813466435598,
            "n_masked": 364
        },
        "V_6": {
            "rmse": 0.5027138590812683,
            "mae": 0.3319927453994751,
            "kl": 10.149716626223286,
            "n_masked": 368
        },
        "V_7": {
            "rmse": 0.47124066948890686,
            "mae": 0.2831522822380066,
            "kl": 8.627354570311546,
            "n_masked": 374
        },
        "V_8": {
            "rmse": 0.45404481887817383,
            "mae": 0.276212602853775,
            "kl": 9.17389404839917,
            "n_masked": 392
        },
        "V_9": {
            "rmse": 0.20266307890415192,
            "mae": 0.05306130275130272,
            "kl": 1.3176315555957179,
            "n_masked": 363
        },
        "V_10": {
            "rmse": 0.28758856654167175,
            "mae": 0.11879777163267136,
            "kl": 3.5029657715703677,
            "n_masked": 358
        },
        "overall": {
            "rmse": 0.4965626299381256,
            "mae": 0.3166753947734833,
            "kl": 6.208541294534367,
            "n_masked": 3692
        }
    }
}