{
    "xgboost": {
        "accuracy": 0.8827511508258868,
        "f1": 0.8974176735370765,
        "roc_auc": 0.9496381532846497
    },
    "random_forest": {
        "accuracy": 0.8800433252098565,
        "f1": 0.897761366258943,
        "roc_auc": 0.9436936990663848
    },
    "logistic_regression": {
        "accuracy": 0.8258868128892499,
        "f1": 0.848670275358908,
        "roc_auc": 0.8929795475350589
    }
}