{
    "xgboost": {
        "accuracy": 0.8399675060926076,
        "f1": 0.857624668754517,
        "roc_auc": 0.9128420547287566
    },
    "random_forest": {
        "accuracy": 0.8302193338748984,
        "f1": 0.8534019172317044,
        "roc_auc": 0.9024489881113897
    },
    "logistic_regression": {
        "accuracy": 0.760628215542919,
        "f1": 0.7898240608654303,
        "roc_auc": 0.8230011957192654
    }
}