{
    "train": {
        "V_1": {
            "rmse": 0.6590651273727417,
            "mae": 0.5622406601905823,
            "kl": 5.751734310808497,
            "n_masked": 6887
        },
        "V_2": {
            "rmse": 0.6298925876617432,
            "mae": 0.4982225298881531,
            "kl": 3.4480212557308554,
            "n_masked": 6966
        },
        "V_3": {
            "rmse": 0.6148308515548706,
            "mae": 0.453535795211792,
            "kl": 5.202727778746878,
            "n_masked": 6888
        },
        "V_4": {
            "rmse": 0.5042609572410583,
            "mae": 0.3269685208797455,
            "kl": 2.562669217537827,
            "n_masked": 6896
        },
        "V_5": {
            "rmse": 0.5181524753570557,
            "mae": 0.3430476486682892,
            "kl": 2.7167140594401946,
            "n_masked": 6920
        },
        "V_6": {
            "rmse": 0.5449181199073792,
            "mae": 0.38019901514053345,
            "kl": 2.927349161188818,
            "n_masked": 6810
        },
        "V_7": {
            "rmse": 0.5103351473808289,
            "mae": 0.32631921768188477,
            "kl": 3.162773502182321,
            "n_masked": 6773
        },
        "V_8": {
            "rmse": 0.4894382357597351,
            "mae": 0.30626368522644043,
            "kl": 3.2781669475367754,
            "n_masked": 6900
        },
        "V_9": {
            "rmse": 0.21498346328735352,
            "mae": 0.05783534049987793,
            "kl": 0.8413006902363156,
            "n_masked": 6869
        },
        "V_10": {
            "rmse": 0.4273524284362793,
            "mae": 0.2201869934797287,
            "kl": 0.9736360930698207,
            "n_masked": 6767
        },
        "overall": {
            "rmse": 0.5254718065261841,
            "mae": 0.3479410707950592,
            "kl": 1.54629034518861,
            "n_masked": 68676
        }
    },
    "val": {
        "V_1": {
            "rmse": 0.6592238545417786,
            "mae": 0.568299412727356,
            "kl": 9.518634152624337,
            "n_masked": 1499
        },
        "V_2": {
            "rmse": 0.6361740827560425,
            "mae": 0.5054097771644592,
            "kl": 8.1000326724069,
            "n_masked": 1462
        },
        "V_3": {
            "rmse": 0.6174526810646057,
            "mae": 0.45714712142944336,
            "kl": 8.782644140104987,
            "n_masked": 1480
        },
        "V_4": {
            "rmse": 0.5156649351119995,
            "mae": 0.3411094546318054,
            "kl": 6.215203943516903,
            "n_masked": 1554
        },
        "V_5": {
            "rmse": 0.5233065485954285,
            "mae": 0.3496914207935333,
            "kl": 5.150701338064886,
            "n_masked": 1456
        },
        "V_6": {
            "rmse": 0.5323754549026489,
            "mae": 0.36825546622276306,
            "kl": 8.88083481584226,
            "n_masked": 1427
        },
        "V_7": {
            "rmse": 0.5054788589477539,
            "mae": 0.319953978061676,
            "kl": 4.372507730379831,
            "n_masked": 1501
        },
        "V_8": {
            "rmse": 0.4885081946849823,
            "mae": 0.3023506999015808,
            "kl": 4.721121146631729,
            "n_masked": 1500
        },
        "V_9": {
            "rmse": 0.208766907453537,
            "mae": 0.05432379990816116,
            "kl": 1.0396329008687515,
            "n_masked": 1468
        },
        "V_10": {
            "rmse": 0.4109247624874115,
            "mae": 0.20452256500720978,
            "kl": 2.3107347804665506,
            "n_masked": 1512
        },
        "overall": {
            "rmse": 0.5242965221405029,
            "mae": 0.3469187319278717,
            "kl": 2.0382716979576356,
            "n_masked": 14859
        }
    },
    "test": {
        "V_1": {
            "rmse": 0.6536449790000916,
            "mae": 0.5542134046554565,
            "kl": 8.978348531632198,
            "n_masked": 1543
        },
        "V_2": {
            "rmse": 0.6413755416870117,
            "mae": 0.5121402144432068,
            "kl": 4.963616759317434,
            "n_masked": 1489
        },
        "V_3": {
            "rmse": 0.6022166013717651,
            "mae": 0.433305948972702,
            "kl": 7.399109225609567,
            "n_masked": 1489
        },
        "V_4": {
            "rmse": 0.5112111568450928,
            "mae": 0.33647555112838745,
            "kl": 5.692385292103034,
            "n_masked": 1487
        },
        "V_5": {
            "rmse": 0.5111043453216553,
            "mae": 0.3362705707550049,
            "kl": 5.558641070085014,
            "n_masked": 1483
        },
        "V_6": {
            "rmse": 0.5365676879882812,
            "mae": 0.36969059705734253,
            "kl": 9.075224672989533,
            "n_masked": 1474
        },
        "V_7": {
            "rmse": 0.514890193939209,
            "mae": 0.32883739471435547,
            "kl": 5.242747541378061,
            "n_masked": 1506
        },
        "V_8": {
            "rmse": 0.5066304206848145,
            "mae": 0.32509127259254456,
            "kl": 5.479546331804159,
            "n_masked": 1509
        },
        "V_9": {
            "rmse": 0.21885895729064941,
            "mae": 0.05983557924628258,
            "kl": 1.2677628836830834,
            "n_masked": 1476
        },
        "V_10": {
            "rmse": 0.4431019425392151,
            "mae": 0.23228253424167633,
            "kl": 2.637620192821187,
            "n_masked": 1469
        },
        "overall": {
            "rmse": 0.5278100967407227,
            "mae": 0.34989649057388306,
            "kl": 1.9489456136541734,
            "n_masked": 14925
        }
    }
}