{
    "xgboost": {
        "accuracy": 0.9044137557541294,
        "f1": 0.917388251813714,
        "roc_auc": 0.9641976008086759
    },
    "random_forest": {
        "accuracy": 0.9000812347684809,
        "f1": 0.9148002770722697,
        "roc_auc": 0.9607568515310276
    },
    "logistic_regression": {
        "accuracy": 0.8662334145681018,
        "f1": 0.8843091334894614,
        "roc_auc": 0.9243780619806001
    }
}