{
    "train": {
        "V_1": {
            "rmse": 0.6344170570373535,
            "mae": 0.5324741005897522,
            "kl": 4.00067617877928,
            "n_masked": 6872
        },
        "V_2": {
            "rmse": 0.6282435655593872,
            "mae": 0.4957888424396515,
            "kl": 2.7298444663362162,
            "n_masked": 6931
        },
        "V_3": {
            "rmse": 0.6143403053283691,
            "mae": 0.4534381628036499,
            "kl": 2.5630493676498736,
            "n_masked": 6890
        },
        "V_4": {
            "rmse": 0.5092602372169495,
            "mae": 0.3341607451438904,
            "kl": 2.2735891645622317,
            "n_masked": 7018
        },
        "V_5": {
            "rmse": 0.5525884628295898,
            "mae": 0.37983277440071106,
            "kl": 3.615208021800683,
            "n_masked": 6922
        },
        "V_6": {
            "rmse": 0.5269341468811035,
            "mae": 0.36014431715011597,
            "kl": 2.728705240677542,
            "n_masked": 6896
        },
        "V_7": {
            "rmse": 0.5473572611808777,
            "mae": 0.36560291051864624,
            "kl": 2.1186069575081277,
            "n_masked": 6855
        },
        "V_8": {
            "rmse": 0.4952371120452881,
            "mae": 0.3113378584384918,
            "kl": 2.2238045878101094,
            "n_masked": 6788
        },
        "V_9": {
            "rmse": 0.212511345744133,
            "mae": 0.05703717842698097,
            "kl": 0.9553420784577371,
            "n_masked": 6789
        },
        "V_10": {
            "rmse": 0.4197331368923187,
            "mae": 0.21360495686531067,
            "kl": 1.2902279202690063,
            "n_masked": 6909
        },
        "overall": {
            "rmse": 0.5279019474983215,
            "mae": 0.35080811381340027,
            "kl": 1.4429459772243627,
            "n_masked": 68870
        }
    },
    "val": {
        "V_1": {
            "rmse": 0.6321923136711121,
            "mae": 0.5336551666259766,
            "kl": 9.85757461793876,
            "n_masked": 1453
        },
        "V_2": {
            "rmse": 0.6239066123962402,
            "mae": 0.4919469952583313,
            "kl": 6.987702150028434,
            "n_masked": 1496
        },
        "V_3": {
            "rmse": 0.6036413311958313,
            "mae": 0.4418540596961975,
            "kl": 7.037911654553295,
            "n_masked": 1504
        },
        "V_4": {
            "rmse": 0.5108993053436279,
            "mae": 0.3401695489883423,
            "kl": 5.071551404511703,
            "n_masked": 1535
        },
        "V_5": {
            "rmse": 0.5274168252944946,
            "mae": 0.3526100218296051,
            "kl": 5.319052944898073,
            "n_masked": 1496
        },
        "V_6": {
            "rmse": 0.518144965171814,
            "mae": 0.3526310622692108,
            "kl": 6.695418168956318,
            "n_masked": 1446
        },
        "V_7": {
            "rmse": 0.5561151504516602,
            "mae": 0.37509647011756897,
            "kl": 4.303154063165005,
            "n_masked": 1512
        },
        "V_8": {
            "rmse": 0.47907665371894836,
            "mae": 0.2911606431007385,
            "kl": 5.515683876303344,
            "n_masked": 1455
        },
        "V_9": {
            "rmse": 0.20219238102436066,
            "mae": 0.051914606243371964,
            "kl": 1.1890772892714128,
            "n_masked": 1458
        },
        "V_10": {
            "rmse": 0.4023595452308655,
            "mae": 0.19700630009174347,
            "kl": 2.876234570064249,
            "n_masked": 1463
        },
        "overall": {
            "rmse": 0.5204744935035706,
            "mae": 0.34351247549057007,
            "kl": 1.7713312053139583,
            "n_masked": 14818
        }
    },
    "test": {
        "V_1": {
            "rmse": 0.6441566944122314,
            "mae": 0.5405742526054382,
            "kl": 5.812667038125416,
            "n_masked": 1471
        },
        "V_2": {
            "rmse": 0.6209751963615417,
            "mae": 0.4880612790584564,
            "kl": 6.135159739310984,
            "n_masked": 1530
        },
        "V_3": {
            "rmse": 0.6135836839675903,
            "mae": 0.4503469169139862,
            "kl": 5.97416854518541,
            "n_masked": 1463
        },
        "V_4": {
            "rmse": 0.5162149667739868,
            "mae": 0.34281525015830994,
            "kl": 4.605700588399968,
            "n_masked": 1479
        },
        "V_5": {
            "rmse": 0.5545007586479187,
            "mae": 0.3776569366455078,
            "kl": 5.891782363664396,
            "n_masked": 1472
        },
        "V_6": {
            "rmse": 0.5309586524963379,
            "mae": 0.3661811053752899,
            "kl": 7.001298522212562,
            "n_masked": 1477
        },
        "V_7": {
            "rmse": 0.5325695276260376,
            "mae": 0.3488585650920868,
            "kl": 3.285574182447383,
            "n_masked": 1448
        },
        "V_8": {
            "rmse": 0.5050495266914368,
            "mae": 0.3210909068584442,
            "kl": 5.059304655623275,
            "n_masked": 1513
        },
        "V_9": {
            "rmse": 0.22256971895694733,
            "mae": 0.06073485314846039,
            "kl": 1.0038349231037802,
            "n_masked": 1464
        },
        "V_10": {
            "rmse": 0.42840176820755005,
            "mae": 0.21939854323863983,
            "kl": 2.9870336677853584,
            "n_masked": 1455
        },
        "overall": {
            "rmse": 0.530063271522522,
            "mae": 0.35226500034332275,
            "kl": 1.484299583946638,
            "n_masked": 14772
        }
    }
}