{
    "xgboost": {
        "accuracy": 0.8857297590035201,
        "f1": 0.900094696969697,
        "roc_auc": 0.9538043850991313
    },
    "random_forest": {
        "accuracy": 0.8803141077714595,
        "f1": 0.8970177073625349,
        "roc_auc": 0.9483573023857731
    },
    "logistic_regression": {
        "accuracy": 0.8378012455997834,
        "f1": 0.8570064454523754,
        "roc_auc": 0.9052516228683545
    }
}