{
    "train": {
        "V_1": {
            "rmse": 0.6320955157279968,
            "mae": 0.5296421051025391,
            "kl": 2.809229763006068,
            "n_masked": 1726
        },
        "V_2": {
            "rmse": 0.6176272630691528,
            "mae": 0.4818955957889557,
            "kl": 3.5236831147023415,
            "n_masked": 1754
        },
        "V_3": {
            "rmse": 0.5985645651817322,
            "mae": 0.4387314021587372,
            "kl": 2.52667750918944,
            "n_masked": 1725
        },
        "V_4": {
            "rmse": 0.5064760446548462,
            "mae": 0.3323000371456146,
            "kl": 3.714620060313631,
            "n_masked": 1790
        },
        "V_5": {
            "rmse": 0.5128293037414551,
            "mae": 0.338090181350708,
            "kl": 6.6407595356443885,
            "n_masked": 1736
        },
        "V_6": {
            "rmse": 0.5004521608352661,
            "mae": 0.3292909860610962,
            "kl": 4.528432764326261,
            "n_masked": 1707
        },
        "V_7": {
            "rmse": 0.5275974869728088,
            "mae": 0.34420061111450195,
            "kl": 6.2853439901388075,
            "n_masked": 1733
        },
        "V_8": {
            "rmse": 0.5342960357666016,
            "mae": 0.3527323603630066,
            "kl": 6.513235834448286,
            "n_masked": 1691
        },
        "V_9": {
            "rmse": 0.24116060137748718,
            "mae": 0.07058253884315491,
            "kl": 0.7676235042024337,
            "n_masked": 1699
        },
        "V_10": {
            "rmse": 0.36849719285964966,
            "mae": 0.1736387461423874,
            "kl": 0.8631313621618578,
            "n_masked": 1674
        },
        "overall": {
            "rmse": 0.5172529220581055,
            "mae": 0.34021586179733276,
            "kl": 1.1221883046118137,
            "n_masked": 17235
        }
    },
    "val": {
        "V_1": {
            "rmse": 0.6282681226730347,
            "mae": 0.5289507508277893,
            "kl": 10.343530906876838,
            "n_masked": 349
        },
        "V_2": {
            "rmse": 0.6263929009437561,
            "mae": 0.49358633160591125,
            "kl": 10.554423279650186,
            "n_masked": 393
        },
        "V_3": {
            "rmse": 0.5902411937713623,
            "mae": 0.42624637484550476,
            "kl": 9.514384193068318,
            "n_masked": 402
        },
        "V_4": {
            "rmse": 0.5093706846237183,
            "mae": 0.34279102087020874,
            "kl": 6.827026929932963,
            "n_masked": 393
        },
        "V_5": {
            "rmse": 0.5120516419410706,
            "mae": 0.3357653319835663,
            "kl": 7.901641460078166,
            "n_masked": 361
        },
        "V_6": {
            "rmse": 0.516935408115387,
            "mae": 0.3521709740161896,
            "kl": 8.666662547459728,
            "n_masked": 376
        },
        "V_7": {
            "rmse": 0.536288321018219,
            "mae": 0.3527631461620331,
            "kl": 6.706326410916468,
            "n_masked": 371
        },
        "V_8": {
            "rmse": 0.5307952165603638,
            "mae": 0.3421066105365753,
            "kl": 6.502816437727025,
            "n_masked": 369
        },
        "V_9": {
            "rmse": 0.21649639308452606,
            "mae": 0.05844853073358536,
            "kl": 1.2699641604597565,
            "n_masked": 381
        },
        "V_10": {
            "rmse": 0.3909781277179718,
            "mae": 0.19002887606620789,
            "kl": 2.622891864312841,
            "n_masked": 364
        },
        "overall": {
            "rmse": 0.5191900730133057,
            "mae": 0.34233322739601135,
            "kl": 2.0791582685613155,
            "n_masked": 3759
        }
    },
    "test": {
        "V_1": {
            "rmse": 0.6483578085899353,
            "mae": 0.5469583868980408,
            "kl": 8.903996957916226,
            "n_masked": 345
        },
        "V_2": {
            "rmse": 0.6064026951789856,
            "mae": 0.46555095911026,
            "kl": 11.276625129790247,
            "n_masked": 379
        },
        "V_3": {
            "rmse": 0.6053041815757751,
            "mae": 0.44471094012260437,
            "kl": 7.22100747456915,
            "n_masked": 371
        },
        "V_4": {
            "rmse": 0.490200936794281,
            "mae": 0.3093741238117218,
            "kl": 7.99295120648021,
            "n_masked": 335
        },
        "V_5": {
            "rmse": 0.5067521929740906,
            "mae": 0.3246743977069855,
            "kl": 7.944127178340891,
            "n_masked": 354
        },
        "V_6": {
            "rmse": 0.5027587413787842,
            "mae": 0.33943799138069153,
            "kl": 9.40174559635292,
            "n_masked": 379
        },
        "V_7": {
            "rmse": 0.5322336554527283,
            "mae": 0.3512861132621765,
            "kl": 8.88966684445666,
            "n_masked": 363
        },
        "V_8": {
            "rmse": 0.5280609726905823,
            "mae": 0.3466891348361969,
            "kl": 7.094527188323954,
            "n_masked": 372
        },
        "V_9": {
            "rmse": 0.21544425189495087,
            "mae": 0.05764397978782654,
            "kl": 1.1863298134332427,
            "n_masked": 382
        },
        "V_10": {
            "rmse": 0.3655175268650055,
            "mae": 0.17120981216430664,
            "kl": 3.2633607580049926,
            "n_masked": 341
        },
        "overall": {
            "rmse": 0.5141950249671936,
            "mae": 0.33533334732055664,
            "kl": 2.152321007886987,
            "n_masked": 3621
        }
    }
}