{
    "train": {
        "V_1": {
            "rmse": 0.6400212645530701,
            "mae": 0.5404437184333801,
            "kl": 7.245943425750156,
            "n_masked": 3465
        },
        "V_2": {
            "rmse": 0.6230610609054565,
            "mae": 0.4902292788028717,
            "kl": 3.4337428891641246,
            "n_masked": 3494
        },
        "V_3": {
            "rmse": 0.6083646416664124,
            "mae": 0.4460151493549347,
            "kl": 3.66356175691429,
            "n_masked": 3444
        },
        "V_4": {
            "rmse": 0.5029628276824951,
            "mae": 0.3277817964553833,
            "kl": 2.7165468554246726,
            "n_masked": 3546
        },
        "V_5": {
            "rmse": 0.5137853622436523,
            "mae": 0.3386216461658478,
            "kl": 3.5405333556007816,
            "n_masked": 3418
        },
        "V_6": {
            "rmse": 0.5281302332878113,
            "mae": 0.3609984219074249,
            "kl": 4.1161417198844665,
            "n_masked": 3431
        },
        "V_7": {
            "rmse": 0.5486556887626648,
            "mae": 0.3681882917881012,
            "kl": 2.726486677414349,
            "n_masked": 3412
        },
        "V_8": {
            "rmse": 0.49587902426719666,
            "mae": 0.31277844309806824,
            "kl": 2.064100988725409,
            "n_masked": 3451
        },
        "V_9": {
            "rmse": 0.21382078528404236,
            "mae": 0.05834099277853966,
            "kl": 0.7534937411102858,
            "n_masked": 3328
        },
        "V_10": {
            "rmse": 0.4546753168106079,
            "mae": 0.244088277220726,
            "kl": 1.5607496884633698,
            "n_masked": 3458
        },
        "overall": {
            "rmse": 0.5265164971351624,
            "mae": 0.3499218225479126,
            "kl": 1.3089883306812562,
            "n_masked": 34447
        }
    },
    "val": {
        "V_1": {
            "rmse": 0.6385127305984497,
            "mae": 0.5397979021072388,
            "kl": 11.09928610472529,
            "n_masked": 725
        },
        "V_2": {
            "rmse": 0.6176900863647461,
            "mae": 0.48772507905960083,
            "kl": 5.759332909090082,
            "n_masked": 751
        },
        "V_3": {
            "rmse": 0.5921796560287476,
            "mae": 0.42517969012260437,
            "kl": 6.279567451523352,
            "n_masked": 766
        },
        "V_4": {
            "rmse": 0.5119099020957947,
            "mae": 0.34106919169425964,
            "kl": 5.723420898288161,
            "n_masked": 762
        },
        "V_5": {
            "rmse": 0.5119768977165222,
            "mae": 0.3338370621204376,
            "kl": 7.261525627792294,
            "n_masked": 736
        },
        "V_6": {
            "rmse": 0.5493863224983215,
            "mae": 0.384977251291275,
            "kl": 9.095258952767784,
            "n_masked": 763
        },
        "V_7": {
            "rmse": 0.545697808265686,
            "mae": 0.36354368925094604,
            "kl": 5.099015637178845,
            "n_masked": 730
        },
        "V_8": {
            "rmse": 0.488399475812912,
            "mae": 0.2966826856136322,
            "kl": 4.056395141792512,
            "n_masked": 715
        },
        "V_9": {
            "rmse": 0.19051530957221985,
            "mae": 0.04676101729273796,
            "kl": 0.6557263872517923,
            "n_masked": 747
        },
        "V_10": {
            "rmse": 0.45157647132873535,
            "mae": 0.24002417922019958,
            "kl": 3.2587880759247945,
            "n_masked": 735
        },
        "overall": {
            "rmse": 0.5238028764724731,
            "mae": 0.3460999131202698,
            "kl": 1.8753112326012855,
            "n_masked": 7430
        }
    },
    "test": {
        "V_1": {
            "rmse": 0.6404531002044678,
            "mae": 0.5317379236221313,
            "kl": 11.072408591110426,
            "n_masked": 732
        },
        "V_2": {
            "rmse": 0.5997188091278076,
            "mae": 0.4581601619720459,
            "kl": 6.384875427837352,
            "n_masked": 782
        },
        "V_3": {
            "rmse": 0.6002251505851746,
            "mae": 0.43457910418510437,
            "kl": 8.256066888956495,
            "n_masked": 735
        },
        "V_4": {
            "rmse": 0.5058179497718811,
            "mae": 0.33093157410621643,
            "kl": 7.391022466195176,
            "n_masked": 698
        },
        "V_5": {
            "rmse": 0.4994077682495117,
            "mae": 0.3179084360599518,
            "kl": 7.611429195111543,
            "n_masked": 710
        },
        "V_6": {
            "rmse": 0.5273497700691223,
            "mae": 0.36342254281044006,
            "kl": 7.2231921071229666,
            "n_masked": 756
        },
        "V_7": {
            "rmse": 0.5254104137420654,
            "mae": 0.34284356236457825,
            "kl": 6.496293950036321,
            "n_masked": 738
        },
        "V_8": {
            "rmse": 0.515966534614563,
            "mae": 0.3358593285083771,
            "kl": 4.8116341295688345,
            "n_masked": 762
        },
        "V_9": {
            "rmse": 0.22913049161434174,
            "mae": 0.06386063247919083,
            "kl": 1.182166070752813,
            "n_masked": 753
        },
        "V_10": {
            "rmse": 0.46621769666671753,
            "mae": 0.2540130019187927,
            "kl": 3.5225708380355973,
            "n_masked": 687
        },
        "overall": {
            "rmse": 0.5225321054458618,
            "mae": 0.34406623244285583,
            "kl": 2.6557745927464773,
            "n_masked": 7353
        }
    }
}