{
    "train": {
        "V_1": {
            "rmse": 0.6543294787406921,
            "mae": 0.556258499622345,
            "kl": 4.083210879310189,
            "n_masked": 6892
        },
        "V_2": {
            "rmse": 0.6290361285209656,
            "mae": 0.4952917695045471,
            "kl": 4.511765154550923,
            "n_masked": 6885
        },
        "V_3": {
            "rmse": 0.6058399677276611,
            "mae": 0.441972017288208,
            "kl": 2.7934491571132956,
            "n_masked": 6882
        },
        "V_4": {
            "rmse": 0.49089565873146057,
            "mae": 0.3134234845638275,
            "kl": 3.2364349555268364,
            "n_masked": 6868
        },
        "V_5": {
            "rmse": 0.5353319048881531,
            "mae": 0.3605729341506958,
            "kl": 2.560816615353064,
            "n_masked": 6934
        },
        "V_6": {
            "rmse": 0.5424529314041138,
            "mae": 0.37725943326950073,
            "kl": 2.719784259886481,
            "n_masked": 6837
        },
        "V_7": {
            "rmse": 0.5488415360450745,
            "mae": 0.3664494454860687,
            "kl": 2.2754476390592573,
            "n_masked": 6900
        },
        "V_8": {
            "rmse": 0.5286617875099182,
            "mae": 0.34650614857673645,
            "kl": 3.250657642419679,
            "n_masked": 6908
        },
        "V_9": {
            "rmse": 0.23147213459014893,
            "mae": 0.06503882259130478,
            "kl": 0.46696490245172373,
            "n_masked": 6810
        },
        "V_10": {
            "rmse": 0.39024224877357483,
            "mae": 0.19117814302444458,
            "kl": 0.9030592779709308,
            "n_masked": 7056
        },
        "overall": {
            "rmse": 0.5290336608886719,
            "mae": 0.3513256013393402,
            "kl": 1.3050393977565402,
            "n_masked": 68972
        }
    },
    "val": {
        "V_1": {
            "rmse": 0.6550456881523132,
            "mae": 0.5605852603912354,
            "kl": 9.288573859769023,
            "n_masked": 1446
        },
        "V_2": {
            "rmse": 0.6154615879058838,
            "mae": 0.47955477237701416,
            "kl": 10.289728389708525,
            "n_masked": 1486
        },
        "V_3": {
            "rmse": 0.58871990442276,
            "mae": 0.42347609996795654,
            "kl": 5.435575397831633,
            "n_masked": 1433
        },
        "V_4": {
            "rmse": 0.4944223165512085,
            "mae": 0.3211028575897217,
            "kl": 7.291045949731802,
            "n_masked": 1480
        },
        "V_5": {
            "rmse": 0.5166944861412048,
            "mae": 0.34041377902030945,
            "kl": 3.735283979439605,
            "n_masked": 1504
        },
        "V_6": {
            "rmse": 0.5424047112464905,
            "mae": 0.3794878125190735,
            "kl": 5.78932036055654,
            "n_masked": 1489
        },
        "V_7": {
            "rmse": 0.5332265496253967,
            "mae": 0.34777700901031494,
            "kl": 6.3513019132244,
            "n_masked": 1486
        },
        "V_8": {
            "rmse": 0.5370222330093384,
            "mae": 0.3517499566078186,
            "kl": 6.154598551347295,
            "n_masked": 1419
        },
        "V_9": {
            "rmse": 0.2020755559206009,
            "mae": 0.051554013043642044,
            "kl": 0.9942141892283367,
            "n_masked": 1432
        },
        "V_10": {
            "rmse": 0.37433868646621704,
            "mae": 0.1754187047481537,
            "kl": 2.2666782858119867,
            "n_masked": 1450
        },
        "overall": {
            "rmse": 0.5213265419006348,
            "mae": 0.3436889052391052,
            "kl": 1.8999092753038596,
            "n_masked": 14625
        }
    },
    "test": {
        "V_1": {
            "rmse": 0.6633979082107544,
            "mae": 0.5692176222801208,
            "kl": 8.828631524606143,
            "n_masked": 1489
        },
        "V_2": {
            "rmse": 0.6300784945487976,
            "mae": 0.498246431350708,
            "kl": 10.056142233623198,
            "n_masked": 1528
        },
        "V_3": {
            "rmse": 0.6089445352554321,
            "mae": 0.4449632465839386,
            "kl": 4.646200284151414,
            "n_masked": 1526
        },
        "V_4": {
            "rmse": 0.48902568221092224,
            "mae": 0.31352201104164124,
            "kl": 6.262455403482847,
            "n_masked": 1458
        },
        "V_5": {
            "rmse": 0.5269284844398499,
            "mae": 0.35089680552482605,
            "kl": 5.287363491149722,
            "n_masked": 1450
        },
        "V_6": {
            "rmse": 0.5525756478309631,
            "mae": 0.3890971541404724,
            "kl": 4.835407390197111,
            "n_masked": 1490
        },
        "V_7": {
            "rmse": 0.5432435870170593,
            "mae": 0.3600481152534485,
            "kl": 4.629552714311116,
            "n_masked": 1485
        },
        "V_8": {
            "rmse": 0.5488157272338867,
            "mae": 0.3678010106086731,
            "kl": 6.7308474169214945,
            "n_masked": 1462
        },
        "V_9": {
            "rmse": 0.21027927100658417,
            "mae": 0.05656035616993904,
            "kl": 0.9832594449247126,
            "n_masked": 1530
        },
        "V_10": {
            "rmse": 0.40550491213798523,
            "mae": 0.20149940252304077,
            "kl": 2.2673489142493213,
            "n_masked": 1445
        },
        "overall": {
            "rmse": 0.5327127575874329,
            "mae": 0.3554915189743042,
            "kl": 1.929565084929066,
            "n_masked": 14863
        }
    }
}