{
    "xgboost": {
        "accuracy": 0.917140536149472,
        "f1": 0.9282363977485929,
        "roc_auc": 0.9714035239427129
    },
    "random_forest": {
        "accuracy": 0.9187652315190902,
        "f1": 0.9301025163094128,
        "roc_auc": 0.9703640532795806
    },
    "logistic_regression": {
        "accuracy": 0.9041429731925265,
        "f1": 0.9168233082706767,
        "roc_auc": 0.9596070526563754
    }
}