{
    "xgboost": {
        "accuracy": 0.9033306255077173,
        "f1": 0.9159406639981162,
        "roc_auc": 0.9624010400670318
    },
    "random_forest": {
        "accuracy": 0.8984565393988627,
        "f1": 0.9132145336727608,
        "roc_auc": 0.9588832101334972
    },
    "logistic_regression": {
        "accuracy": 0.8570268074735987,
        "f1": 0.8765201122544435,
        "roc_auc": 0.9202028846354549
    }
}