{
    "xgboost": {
        "accuracy": 0.8673165448145139,
        "f1": 0.8835551330798479,
        "roc_auc": 0.9369453398258007
    },
    "random_forest": {
        "accuracy": 0.8556728946655835,
        "f1": 0.8763054072870736,
        "roc_auc": 0.9276920829071782
    },
    "logistic_regression": {
        "accuracy": 0.7860817763336041,
        "f1": 0.8144668858619069,
        "roc_auc": 0.8466601861266747
    }
}