{
    "train": {
        "V_1": {
            "rmse": 0.6492511630058289,
            "mae": 0.5486170053482056,
            "kl": 3.7181934530108443,
            "n_masked": 5209
        },
        "V_2": {
            "rmse": 0.6322177052497864,
            "mae": 0.5014253258705139,
            "kl": 3.772089993624319,
            "n_masked": 5216
        },
        "V_3": {
            "rmse": 0.6207780241966248,
            "mae": 0.4616687595844269,
            "kl": 4.1646879483874075,
            "n_masked": 5221
        },
        "V_4": {
            "rmse": 0.5108184218406677,
            "mae": 0.3321104347705841,
            "kl": 2.700665059287565,
            "n_masked": 5136
        },
        "V_5": {
            "rmse": 0.520288348197937,
            "mae": 0.3450491428375244,
            "kl": 3.9694249683611496,
            "n_masked": 5161
        },
        "V_6": {
            "rmse": 0.538237452507019,
            "mae": 0.3741128444671631,
            "kl": 4.245549436668588,
            "n_masked": 5114
        },
        "V_7": {
            "rmse": 0.5248125791549683,
            "mae": 0.3424874544143677,
            "kl": 1.9700505015385972,
            "n_masked": 5048
        },
        "V_8": {
            "rmse": 0.5123447179794312,
            "mae": 0.32986751198768616,
            "kl": 1.9883234307716369,
            "n_masked": 5168
        },
        "V_9": {
            "rmse": 0.22624270617961884,
            "mae": 0.06266835331916809,
            "kl": 0.8360057783668438,
            "n_masked": 5147
        },
        "V_10": {
            "rmse": 0.4489811360836029,
            "mae": 0.23924462497234344,
            "kl": 1.1948247091548414,
            "n_masked": 5073
        },
        "overall": {
            "rmse": 0.5314632654190063,
            "mae": 0.3544783890247345,
            "kl": 1.390441571410399,
            "n_masked": 51493
        }
    },
    "val": {
        "V_1": {
            "rmse": 0.6526269316673279,
            "mae": 0.5603845119476318,
            "kl": 5.803119880399685,
            "n_masked": 1127
        },
        "V_2": {
            "rmse": 0.6488529443740845,
            "mae": 0.5211020708084106,
            "kl": 9.680312291447901,
            "n_masked": 1108
        },
        "V_3": {
            "rmse": 0.6216504573822021,
            "mae": 0.46262675523757935,
            "kl": 9.293634930519767,
            "n_masked": 1108
        },
        "V_4": {
            "rmse": 0.525934100151062,
            "mae": 0.3533952534198761,
            "kl": 8.098632393377681,
            "n_masked": 1195
        },
        "V_5": {
            "rmse": 0.5235524773597717,
            "mae": 0.3508269488811493,
            "kl": 7.654688368227752,
            "n_masked": 1093
        },
        "V_6": {
            "rmse": 0.5385763049125671,
            "mae": 0.37279507517814636,
            "kl": 8.52674187506714,
            "n_masked": 1042
        },
        "V_7": {
            "rmse": 0.5121002197265625,
            "mae": 0.3253798484802246,
            "kl": 4.751100325524693,
            "n_masked": 1143
        },
        "V_8": {
            "rmse": 0.5108296275138855,
            "mae": 0.3246627449989319,
            "kl": 4.3030249392768205,
            "n_masked": 1100
        },
        "V_9": {
            "rmse": 0.19774332642555237,
            "mae": 0.05046241730451584,
            "kl": 1.2166788127449266,
            "n_masked": 1112
        },
        "V_10": {
            "rmse": 0.4459456503391266,
            "mae": 0.234468013048172,
            "kl": 3.379227220976194,
            "n_masked": 1128
        },
        "overall": {
            "rmse": 0.5323578119277954,
            "mae": 0.35544735193252563,
            "kl": 1.9236837547928554,
            "n_masked": 11156
        }
    },
    "test": {
        "V_1": {
            "rmse": 0.6413723826408386,
            "mae": 0.5393645167350769,
            "kl": 6.565665849205124,
            "n_masked": 1178
        },
        "V_2": {
            "rmse": 0.6461690664291382,
            "mae": 0.5191097259521484,
            "kl": 7.15443670185888,
            "n_masked": 1136
        },
        "V_3": {
            "rmse": 0.6241921186447144,
            "mae": 0.4589168131351471,
            "kl": 7.4483416050923905,
            "n_masked": 1134
        },
        "V_4": {
            "rmse": 0.5185767412185669,
            "mae": 0.3460882604122162,
            "kl": 7.311036754168413,
            "n_masked": 1100
        },
        "V_5": {
            "rmse": 0.5244399309158325,
            "mae": 0.3482643663883209,
            "kl": 7.17981677469475,
            "n_masked": 1142
        },
        "V_6": {
            "rmse": 0.5394753813743591,
            "mae": 0.3723753094673157,
            "kl": 7.351750187579107,
            "n_masked": 1112
        },
        "V_7": {
            "rmse": 0.5265563726425171,
            "mae": 0.3417980670928955,
            "kl": 4.556729663893123,
            "n_masked": 1116
        },
        "V_8": {
            "rmse": 0.5138508081436157,
            "mae": 0.3344390392303467,
            "kl": 4.343836565035455,
            "n_masked": 1108
        },
        "V_9": {
            "rmse": 0.23056776821613312,
            "mae": 0.06694652140140533,
            "kl": 1.3483873527871966,
            "n_masked": 1088
        },
        "V_10": {
            "rmse": 0.43499842286109924,
            "mae": 0.2230181097984314,
            "kl": 2.5773715914135584,
            "n_masked": 1082
        },
        "overall": {
            "rmse": 0.534519612789154,
            "mae": 0.357639878988266,
            "kl": 1.8907442755849533,
            "n_masked": 11196
        }
    }
}