{
    "xgboost": {
        "accuracy": 0.8415922014622258,
        "f1": 0.8592057761732853,
        "roc_auc": 0.918233376967644
    },
    "random_forest": {
        "accuracy": 0.8350934199837531,
        "f1": 0.8580088598740965,
        "roc_auc": 0.9073010439434286
    },
    "logistic_regression": {
        "accuracy": 0.7627944760357434,
        "f1": 0.7937853107344633,
        "roc_auc": 0.8219684342041311
    }
}