{
    "xgboost": {
        "accuracy": 0.8851881938803141,
        "f1": 0.8996687174633223,
        "roc_auc": 0.9519404346931534
    },
    "random_forest": {
        "accuracy": 0.8754400216626049,
        "f1": 0.8931723176962378,
        "roc_auc": 0.9465470251637776
    },
    "logistic_regression": {
        "accuracy": 0.8410506363390198,
        "f1": 0.8603378539138711,
        "roc_auc": 0.9026091131102715
    }
}