{
    "xgboost": {
        "accuracy": 0.9212022745735174,
        "f1": 0.9316741019018548,
        "roc_auc": 0.972073842373786
    },
    "random_forest": {
        "accuracy": 0.9184944489574871,
        "f1": 0.9299511286944381,
        "roc_auc": 0.9693676702558123
    },
    "logistic_regression": {
        "accuracy": 0.892770105605199,
        "f1": 0.9069111424541608,
        "roc_auc": 0.9474521637747755
    }
}