{
    "xgboost": {
        "accuracy": 0.9027890603845112,
        "f1": 0.915390054206929,
        "roc_auc": 0.9624988445356226
    },
    "random_forest": {
        "accuracy": 0.8973734091524506,
        "f1": 0.9120445579020655,
        "roc_auc": 0.9587139905117739
    },
    "logistic_regression": {
        "accuracy": 0.8627132412672623,
        "f1": 0.8806216152578291,
        "roc_auc": 0.9204661814213255
    }
}