{
    "train": {
        "V_1": {
            "rmse": 0.667109489440918,
            "mae": 0.5760121941566467,
            "kl": 9.502717710659596,
            "n_masked": 5182
        },
        "V_2": {
            "rmse": 0.6323876976966858,
            "mae": 0.5006965398788452,
            "kl": 3.9088057786614585,
            "n_masked": 5185
        },
        "V_3": {
            "rmse": 0.6072129011154175,
            "mae": 0.44449228048324585,
            "kl": 4.830788749417157,
            "n_masked": 5159
        },
        "V_4": {
            "rmse": 0.4960029423236847,
            "mae": 0.3197022080421448,
            "kl": 4.419435403469675,
            "n_masked": 5263
        },
        "V_5": {
            "rmse": 0.4897100031375885,
            "mae": 0.31441736221313477,
            "kl": 3.934025108779581,
            "n_masked": 5194
        },
        "V_6": {
            "rmse": 0.505961000919342,
            "mae": 0.3378973603248596,
            "kl": 3.6218907787391497,
            "n_masked": 5167
        },
        "V_7": {
            "rmse": 0.48305603861808777,
            "mae": 0.29990795254707336,
            "kl": 2.807834796569872,
            "n_masked": 5157
        },
        "V_8": {
            "rmse": 0.4560803174972534,
            "mae": 0.2733670175075531,
            "kl": 2.7688641101306652,
            "n_masked": 5095
        },
        "V_9": {
            "rmse": 0.2000533789396286,
            "mae": 0.05199611932039261,
            "kl": 0.5033425672961092,
            "n_masked": 5060
        },
        "V_10": {
            "rmse": 0.39660772681236267,
            "mae": 0.19471469521522522,
            "kl": 2.206382356670827,
            "n_masked": 5133
        },
        "overall": {
            "rmse": 0.5099664926528931,
            "mae": 0.3321588635444641,
            "kl": 1.5708554610730625,
            "n_masked": 51595
        }
    },
    "val": {
        "V_1": {
            "rmse": 0.6724945902824402,
            "mae": 0.5874667167663574,
            "kl": 16.64617690198105,
            "n_masked": 1114
        },
        "V_2": {
            "rmse": 0.6353771090507507,
            "mae": 0.5066423416137695,
            "kl": 7.227567913473647,
            "n_masked": 1112
        },
        "V_3": {
            "rmse": 0.6003438234329224,
            "mae": 0.4379936456680298,
            "kl": 5.956076130024547,
            "n_masked": 1130
        },
        "V_4": {
            "rmse": 0.4979346990585327,
            "mae": 0.32557162642478943,
            "kl": 9.216088237297999,
            "n_masked": 1157
        },
        "V_5": {
            "rmse": 0.48402899503707886,
            "mae": 0.3086647689342499,
            "kl": 5.662340100022293,
            "n_masked": 1130
        },
        "V_6": {
            "rmse": 0.5000285506248474,
            "mae": 0.33289599418640137,
            "kl": 7.821649933550147,
            "n_masked": 1115
        },
        "V_7": {
            "rmse": 0.47678878903388977,
            "mae": 0.2891090214252472,
            "kl": 4.645645307835009,
            "n_masked": 1115
        },
        "V_8": {
            "rmse": 0.45093652606010437,
            "mae": 0.26339420676231384,
            "kl": 5.1201203402723205,
            "n_masked": 1061
        },
        "V_9": {
            "rmse": 0.17717908322811127,
            "mae": 0.041217077523469925,
            "kl": 1.0789758507784177,
            "n_masked": 1087
        },
        "V_10": {
            "rmse": 0.37994492053985596,
            "mae": 0.17906668782234192,
            "kl": 2.6179432119096018,
            "n_masked": 1114
        },
        "overall": {
            "rmse": 0.5063170790672302,
            "mae": 0.32829052209854126,
            "kl": 2.2695048728230938,
            "n_masked": 11135
        }
    },
    "test": {
        "V_1": {
            "rmse": 0.6654500961303711,
            "mae": 0.5674191117286682,
            "kl": 13.090894264431016,
            "n_masked": 1101
        },
        "V_2": {
            "rmse": 0.6304614543914795,
            "mae": 0.4991260766983032,
            "kl": 7.480342219450686,
            "n_masked": 1162
        },
        "V_3": {
            "rmse": 0.6193632483482361,
            "mae": 0.45729270577430725,
            "kl": 8.56544744528136,
            "n_masked": 1093
        },
        "V_4": {
            "rmse": 0.5034501552581787,
            "mae": 0.3292403817176819,
            "kl": 9.152015380936005,
            "n_masked": 1101
        },
        "V_5": {
            "rmse": 0.4825955629348755,
            "mae": 0.30155041813850403,
            "kl": 5.361817249915317,
            "n_masked": 1096
        },
        "V_6": {
            "rmse": 0.5120900869369507,
            "mae": 0.3482799530029297,
            "kl": 8.423296628139022,
            "n_masked": 1132
        },
        "V_7": {
            "rmse": 0.478976309299469,
            "mae": 0.2937825620174408,
            "kl": 5.942142536152776,
            "n_masked": 1086
        },
        "V_8": {
            "rmse": 0.4621320068836212,
            "mae": 0.28145673871040344,
            "kl": 5.333115207269104,
            "n_masked": 1128
        },
        "V_9": {
            "rmse": 0.19465196132659912,
            "mae": 0.049439843744039536,
            "kl": 1.0281051673729231,
            "n_masked": 1112
        },
        "V_10": {
            "rmse": 0.39520886540412903,
            "mae": 0.19274896383285522,
            "kl": 2.887088213778649,
            "n_masked": 1104
        },
        "overall": {
            "rmse": 0.5111880302429199,
            "mae": 0.33253103494644165,
            "kl": 2.5708156110370535,
            "n_masked": 11115
        }
    }
}