{
    "train": {
        "V_1": {
            "rmse": 0.6426970362663269,
            "mae": 0.544310450553894,
            "kl": 6.078343238463448,
            "n_masked": 3446
        },
        "V_2": {
            "rmse": 0.6185634732246399,
            "mae": 0.48306748270988464,
            "kl": 2.6442391214363687,
            "n_masked": 3391
        },
        "V_3": {
            "rmse": 0.6037278175354004,
            "mae": 0.44151052832603455,
            "kl": 2.897475161708849,
            "n_masked": 3422
        },
        "V_4": {
            "rmse": 0.498773992061615,
            "mae": 0.3232971429824829,
            "kl": 2.949289802418572,
            "n_masked": 3426
        },
        "V_5": {
            "rmse": 0.5197360515594482,
            "mae": 0.34332916140556335,
            "kl": 3.988647983551114,
            "n_masked": 3454
        },
        "V_6": {
            "rmse": 0.5339462757110596,
            "mae": 0.3706880211830139,
            "kl": 3.543809342181446,
            "n_masked": 3463
        },
        "V_7": {
            "rmse": 0.5433948636054993,
            "mae": 0.3604393005371094,
            "kl": 3.1825753002541197,
            "n_masked": 3495
        },
        "V_8": {
            "rmse": 0.5304165482521057,
            "mae": 0.3490772843360901,
            "kl": 3.7229412648140348,
            "n_masked": 3483
        },
        "V_9": {
            "rmse": 0.27803492546081543,
            "mae": 0.08875706791877747,
            "kl": 0.4539711831194886,
            "n_masked": 3476
        },
        "V_10": {
            "rmse": 0.451208233833313,
            "mae": 0.2413855493068695,
            "kl": 1.136939511490623,
            "n_masked": 3401
        },
        "overall": {
            "rmse": 0.5309522151947021,
            "mae": 0.3542628586292267,
            "kl": 1.3152844952615748,
            "n_masked": 34457
        }
    },
    "val": {
        "V_1": {
            "rmse": 0.6347832083702087,
            "mae": 0.5372762680053711,
            "kl": 14.127151716073461,
            "n_masked": 745
        },
        "V_2": {
            "rmse": 0.62507563829422,
            "mae": 0.4943446218967438,
            "kl": 6.907891055708079,
            "n_masked": 722
        },
        "V_3": {
            "rmse": 0.5941906571388245,
            "mae": 0.42132070660591125,
            "kl": 4.054110986132047,
            "n_masked": 736
        },
        "V_4": {
            "rmse": 0.5078017711639404,
            "mae": 0.3381930887699127,
            "kl": 7.944991621314144,
            "n_masked": 696
        },
        "V_5": {
            "rmse": 0.48759883642196655,
            "mae": 0.30922502279281616,
            "kl": 6.348341496383625,
            "n_masked": 755
        },
        "V_6": {
            "rmse": 0.5238111615180969,
            "mae": 0.3641499876976013,
            "kl": 6.542075238136772,
            "n_masked": 759
        },
        "V_7": {
            "rmse": 0.5433976054191589,
            "mae": 0.3609653413295746,
            "kl": 5.191548020348159,
            "n_masked": 768
        },
        "V_8": {
            "rmse": 0.5129712820053101,
            "mae": 0.32801732420921326,
            "kl": 5.959714594586154,
            "n_masked": 719
        },
        "V_9": {
            "rmse": 0.257980614900589,
            "mae": 0.07624136656522751,
            "kl": 0.8886193641694426,
            "n_masked": 752
        },
        "V_10": {
            "rmse": 0.4450002610683441,
            "mae": 0.2340291440486908,
            "kl": 2.9437796196473944,
            "n_masked": 680
        },
        "overall": {
            "rmse": 0.5235921740531921,
            "mae": 0.3467070162296295,
            "kl": 2.018461660801824,
            "n_masked": 7332
        }
    },
    "test": {
        "V_1": {
            "rmse": 0.6446613669395447,
            "mae": 0.5420809388160706,
            "kl": 11.403755587076702,
            "n_masked": 733
        },
        "V_2": {
            "rmse": 0.6289079785346985,
            "mae": 0.4969229996204376,
            "kl": 11.062111753591095,
            "n_masked": 724
        },
        "V_3": {
            "rmse": 0.6181137561798096,
            "mae": 0.4527170658111572,
            "kl": 7.053448250674832,
            "n_masked": 724
        },
        "V_4": {
            "rmse": 0.49880272150039673,
            "mae": 0.32448866963386536,
            "kl": 6.674203148369569,
            "n_masked": 750
        },
        "V_5": {
            "rmse": 0.5077102184295654,
            "mae": 0.32890310883522034,
            "kl": 7.542361310669575,
            "n_masked": 792
        },
        "V_6": {
            "rmse": 0.5273869633674622,
            "mae": 0.35794737935066223,
            "kl": 5.714038279961059,
            "n_masked": 777
        },
        "V_7": {
            "rmse": 0.5213955044746399,
            "mae": 0.33516567945480347,
            "kl": 6.459813197511376,
            "n_masked": 743
        },
        "V_8": {
            "rmse": 0.5238301157951355,
            "mae": 0.335132896900177,
            "kl": 6.521747755113801,
            "n_masked": 706
        },
        "V_9": {
            "rmse": 0.2815292477607727,
            "mae": 0.09159901738166809,
            "kl": 0.9344270106024,
            "n_masked": 738
        },
        "V_10": {
            "rmse": 0.4582773447036743,
            "mae": 0.2466539591550827,
            "kl": 3.121352135449905,
            "n_masked": 754
        },
        "overall": {
            "rmse": 0.5296007394790649,
            "mae": 0.3502320349216461,
            "kl": 2.611854264204616,
            "n_masked": 7441
        }
    }
}