{
    "train": {
        "V_1": {
            "rmse": 0.6596300005912781,
            "mae": 0.564885675907135,
            "kl": 4.823544379774525,
            "n_masked": 8594
        },
        "V_2": {
            "rmse": 0.6326473355293274,
            "mae": 0.5017545223236084,
            "kl": 6.05040493820647,
            "n_masked": 8712
        },
        "V_3": {
            "rmse": 0.6043943762779236,
            "mae": 0.439816951751709,
            "kl": 2.573575160394295,
            "n_masked": 8608
        },
        "V_4": {
            "rmse": 0.5271095633506775,
            "mae": 0.3521105945110321,
            "kl": 3.465451183747561,
            "n_masked": 8596
        },
        "V_5": {
            "rmse": 0.5355808734893799,
            "mae": 0.3603482246398926,
            "kl": 3.051009711422601,
            "n_masked": 8707
        },
        "V_6": {
            "rmse": 0.5162340998649597,
            "mae": 0.3491208553314209,
            "kl": 4.910137148769318,
            "n_masked": 8614
        },
        "V_7": {
            "rmse": 0.5165503025054932,
            "mae": 0.3318956196308136,
            "kl": 2.321262960489599,
            "n_masked": 8457
        },
        "V_8": {
            "rmse": 0.5087583661079407,
            "mae": 0.32478395104408264,
            "kl": 1.7354110944823518,
            "n_masked": 8645
        },
        "V_9": {
            "rmse": 0.2851840853691101,
            "mae": 0.09366632997989655,
            "kl": 0.4379177798809064,
            "n_masked": 8584
        },
        "V_10": {
            "rmse": 0.40588974952697754,
            "mae": 0.20312027633190155,
            "kl": 0.7679489373100381,
            "n_masked": 8531
        },
        "overall": {
            "rmse": 0.5297709107398987,
            "mae": 0.3525349497795105,
            "kl": 1.4612431133096837,
            "n_masked": 86048
        }
    },
    "val": {
        "V_1": {
            "rmse": 0.6532360315322876,
            "mae": 0.5566864013671875,
            "kl": 10.122822693517776,
            "n_masked": 1821
        },
        "V_2": {
            "rmse": 0.6345437169075012,
            "mae": 0.504780113697052,
            "kl": 10.435210295335779,
            "n_masked": 1847
        },
        "V_3": {
            "rmse": 0.5943638682365417,
            "mae": 0.4268242418766022,
            "kl": 6.236720761973885,
            "n_masked": 1823
        },
        "V_4": {
            "rmse": 0.5211538076400757,
            "mae": 0.3485206365585327,
            "kl": 6.258868309002027,
            "n_masked": 1849
        },
        "V_5": {
            "rmse": 0.5247942805290222,
            "mae": 0.34559446573257446,
            "kl": 4.827152047301831,
            "n_masked": 1838
        },
        "V_6": {
            "rmse": 0.5071995854377747,
            "mae": 0.34380874037742615,
            "kl": 8.372641126867931,
            "n_masked": 1860
        },
        "V_7": {
            "rmse": 0.5000482797622681,
            "mae": 0.3146398961544037,
            "kl": 4.179713622620053,
            "n_masked": 1843
        },
        "V_8": {
            "rmse": 0.5135810375213623,
            "mae": 0.328472375869751,
            "kl": 5.149534734925651,
            "n_masked": 1879
        },
        "V_9": {
            "rmse": 0.2760120630264282,
            "mae": 0.08619506657123566,
            "kl": 0.9333126352600254,
            "n_masked": 1891
        },
        "V_10": {
            "rmse": 0.4015512764453888,
            "mae": 0.19752462208271027,
            "kl": 3.0099866554861006,
            "n_masked": 1869
        },
        "overall": {
            "rmse": 0.5223672389984131,
            "mae": 0.34408777952194214,
            "kl": 2.1762842437248833,
            "n_masked": 18520
        }
    },
    "test": {
        "V_1": {
            "rmse": 0.6521403193473816,
            "mae": 0.5546226501464844,
            "kl": 7.146143735020831,
            "n_masked": 1831
        },
        "V_2": {
            "rmse": 0.6298174858093262,
            "mae": 0.5002281665802002,
            "kl": 11.81754676490454,
            "n_masked": 1851
        },
        "V_3": {
            "rmse": 0.6003211140632629,
            "mae": 0.4359852075576782,
            "kl": 8.341659763632007,
            "n_masked": 1908
        },
        "V_4": {
            "rmse": 0.5161835551261902,
            "mae": 0.3413572907447815,
            "kl": 6.487470188418962,
            "n_masked": 1819
        },
        "V_5": {
            "rmse": 0.5431755781173706,
            "mae": 0.36938172578811646,
            "kl": 6.36268153130893,
            "n_masked": 1875
        },
        "V_6": {
            "rmse": 0.5126029849052429,
            "mae": 0.3430403172969818,
            "kl": 9.461546601406248,
            "n_masked": 1806
        },
        "V_7": {
            "rmse": 0.5169278979301453,
            "mae": 0.33277666568756104,
            "kl": 5.860438662128419,
            "n_masked": 1888
        },
        "V_8": {
            "rmse": 0.525733232498169,
            "mae": 0.3457702100276947,
            "kl": 4.527508246451904,
            "n_masked": 1833
        },
        "V_9": {
            "rmse": 0.2820656895637512,
            "mae": 0.09005702286958694,
            "kl": 0.7961573094285855,
            "n_masked": 1835
        },
        "V_10": {
            "rmse": 0.4215218424797058,
            "mae": 0.21618515253067017,
            "kl": 2.698140269744923,
            "n_masked": 1861
        },
        "overall": {
            "rmse": 0.5301090478897095,
            "mae": 0.3531636893749237,
            "kl": 2.263072674056111,
            "n_masked": 18507
        }
    }
}