{
    "xgboost": {
        "accuracy": 0.8857297590035201,
        "f1": 0.9008458646616542,
        "roc_auc": 0.9526062803588948
    },
    "random_forest": {
        "accuracy": 0.8789601949634444,
        "f1": 0.8970757540870367,
        "roc_auc": 0.9464566753040735
    },
    "logistic_regression": {
        "accuracy": 0.8280530733820742,
        "f1": 0.8499881880463028,
        "roc_auc": 0.8868300915724155
    }
}