{
    "train": {
        "V_1": {
            "rmse": 0.6467971801757812,
            "mae": 0.5469939112663269,
            "kl": 3.931999342211058,
            "n_masked": 3433
        },
        "V_2": {
            "rmse": 0.6293357610702515,
            "mae": 0.49721992015838623,
            "kl": 6.328449628801256,
            "n_masked": 3502
        },
        "V_3": {
            "rmse": 0.6268154382705688,
            "mae": 0.46849098801612854,
            "kl": 3.6302466653779817,
            "n_masked": 3449
        },
        "V_4": {
            "rmse": 0.5023474097251892,
            "mae": 0.3282383978366852,
            "kl": 4.158212192969467,
            "n_masked": 3404
        },
        "V_5": {
            "rmse": 0.5359273552894592,
            "mae": 0.3606030344963074,
            "kl": 5.515025381887628,
            "n_masked": 3403
        },
        "V_6": {
            "rmse": 0.5199427008628845,
            "mae": 0.35193973779678345,
            "kl": 4.43831740135301,
            "n_masked": 3420
        },
        "V_7": {
            "rmse": 0.5483768582344055,
            "mae": 0.36603277921676636,
            "kl": 5.19262219695136,
            "n_masked": 3371
        },
        "V_8": {
            "rmse": 0.5105522274971008,
            "mae": 0.3292095363140106,
            "kl": 1.476107490958454,
            "n_masked": 3548
        },
        "V_9": {
            "rmse": 0.24350003898143768,
            "mae": 0.070344477891922,
            "kl": 0.4038103712779584,
            "n_masked": 3393
        },
        "V_10": {
            "rmse": 0.4177415668964386,
            "mae": 0.21274343132972717,
            "kl": 0.6020955168055013,
            "n_masked": 3436
        },
        "overall": {
            "rmse": 0.5307456851005554,
            "mae": 0.3537532091140747,
            "kl": 1.2626508994995742,
            "n_masked": 34359
        }
    },
    "val": {
        "V_1": {
            "rmse": 0.6424562931060791,
            "mae": 0.5439242720603943,
            "kl": 5.751035116214595,
            "n_masked": 731
        },
        "V_2": {
            "rmse": 0.6543331742286682,
            "mae": 0.5264078378677368,
            "kl": 8.842219546695606,
            "n_masked": 737
        },
        "V_3": {
            "rmse": 0.6110717058181763,
            "mae": 0.4462534189224243,
            "kl": 6.300945278312051,
            "n_masked": 772
        },
        "V_4": {
            "rmse": 0.5208438634872437,
            "mae": 0.35002830624580383,
            "kl": 8.20283166492199,
            "n_masked": 724
        },
        "V_5": {
            "rmse": 0.5530586242675781,
            "mae": 0.37640565633773804,
            "kl": 7.3014296265857155,
            "n_masked": 726
        },
        "V_6": {
            "rmse": 0.5175769329071045,
            "mae": 0.3522592782974243,
            "kl": 8.586537521626715,
            "n_masked": 728
        },
        "V_7": {
            "rmse": 0.5303300023078918,
            "mae": 0.3442402482032776,
            "kl": 8.20667973197388,
            "n_masked": 739
        },
        "V_8": {
            "rmse": 0.48969078063964844,
            "mae": 0.3072102963924408,
            "kl": 5.0836613156705805,
            "n_masked": 777
        },
        "V_9": {
            "rmse": 0.22109220921993256,
            "mae": 0.056477759033441544,
            "kl": 0.9058608948135017,
            "n_masked": 748
        },
        "V_10": {
            "rmse": 0.4407960772514343,
            "mae": 0.23011934757232666,
            "kl": 2.451843143879365,
            "n_masked": 757
        },
        "overall": {
            "rmse": 0.5309162735939026,
            "mae": 0.3525683581829071,
            "kl": 1.877981281683882,
            "n_masked": 7439
        }
    },
    "test": {
        "V_1": {
            "rmse": 0.6470305323600769,
            "mae": 0.5418685078620911,
            "kl": 6.192744383508446,
            "n_masked": 762
        },
        "V_2": {
            "rmse": 0.6236625909805298,
            "mae": 0.48714718222618103,
            "kl": 13.055211652554513,
            "n_masked": 757
        },
        "V_3": {
            "rmse": 0.6372944712638855,
            "mae": 0.4861016571521759,
            "kl": 8.988597644154028,
            "n_masked": 780
        },
        "V_4": {
            "rmse": 0.5086789131164551,
            "mae": 0.33257007598876953,
            "kl": 6.903470121372496,
            "n_masked": 731
        },
        "V_5": {
            "rmse": 0.5414220094680786,
            "mae": 0.3675553500652313,
            "kl": 8.927373291645125,
            "n_masked": 746
        },
        "V_6": {
            "rmse": 0.5059660077095032,
            "mae": 0.32864370942115784,
            "kl": 7.213482267423123,
            "n_masked": 723
        },
        "V_7": {
            "rmse": 0.5427432060241699,
            "mae": 0.35666796565055847,
            "kl": 7.14085183069091,
            "n_masked": 753
        },
        "V_8": {
            "rmse": 0.5056098699569702,
            "mae": 0.3308989107608795,
            "kl": 5.763211705400508,
            "n_masked": 744
        },
        "V_9": {
            "rmse": 0.22643962502479553,
            "mae": 0.06255645304918289,
            "kl": 1.0278427086051458,
            "n_masked": 724
        },
        "V_10": {
            "rmse": 0.42688268423080444,
            "mae": 0.21949578821659088,
            "kl": 3.5880635774586818,
            "n_masked": 712
        },
        "overall": {
            "rmse": 0.5318235754966736,
            "mae": 0.35415494441986084,
            "kl": 1.9299694071241031,
            "n_masked": 7432
        }
    }
}