{
    "xgboost": {
        "accuracy": 0.8572975900352018,
        "f1": 0.8752071986739285,
        "roc_auc": 0.9325274404153112
    },
    "random_forest": {
        "accuracy": 0.8529650690495532,
        "f1": 0.8747404844290659,
        "roc_auc": 0.923986396829704
    },
    "logistic_regression": {
        "accuracy": 0.7993501218521527,
        "f1": 0.8243659634984594,
        "roc_auc": 0.8600027432960702
    }
}