{
    "train": {
        "V_1": {
            "rmse": 0.6586772203445435,
            "mae": 0.5634819865226746,
            "kl": 8.281122449724625,
            "n_masked": 8560
        },
        "V_2": {
            "rmse": 0.6274117231369019,
            "mae": 0.4945930242538452,
            "kl": 3.736231542832434,
            "n_masked": 8680
        },
        "V_3": {
            "rmse": 0.6103343963623047,
            "mae": 0.44824519753456116,
            "kl": 2.7031448928231785,
            "n_masked": 8651
        },
        "V_4": {
            "rmse": 0.5114567279815674,
            "mae": 0.3352609872817993,
            "kl": 3.904454742815954,
            "n_masked": 8689
        },
        "V_5": {
            "rmse": 0.5376591682434082,
            "mae": 0.36278799176216125,
            "kl": 3.842555929237523,
            "n_masked": 8621
        },
        "V_6": {
            "rmse": 0.5420605540275574,
            "mae": 0.37595969438552856,
            "kl": 4.155609639741225,
            "n_masked": 8613
        },
        "V_7": {
            "rmse": 0.5134804844856262,
            "mae": 0.3294013738632202,
            "kl": 3.881708620722789,
            "n_masked": 8619
        },
        "V_8": {
            "rmse": 0.518248975276947,
            "mae": 0.3341240882873535,
            "kl": 3.635320736649458,
            "n_masked": 8538
        },
        "V_9": {
            "rmse": 0.27839651703834534,
            "mae": 0.08957656472921371,
            "kl": 0.6416191723510487,
            "n_masked": 8526
        },
        "V_10": {
            "rmse": 0.41133370995521545,
            "mae": 0.20760385692119598,
            "kl": 0.8125358362960295,
            "n_masked": 8597
        },
        "overall": {
            "rmse": 0.5316004157066345,
            "mae": 0.3544198274612427,
            "kl": 1.636189905475306,
            "n_masked": 86094
        }
    },
    "val": {
        "V_1": {
            "rmse": 0.6553652286529541,
            "mae": 0.5614950656890869,
            "kl": 13.387010932378578,
            "n_masked": 1849
        },
        "V_2": {
            "rmse": 0.6366272568702698,
            "mae": 0.5084372758865356,
            "kl": 6.796245172228048,
            "n_masked": 1864
        },
        "V_3": {
            "rmse": 0.6034110188484192,
            "mae": 0.4393142759799957,
            "kl": 6.134288630182753,
            "n_masked": 1855
        },
        "V_4": {
            "rmse": 0.520922839641571,
            "mae": 0.3497687876224518,
            "kl": 7.217350252626126,
            "n_masked": 1916
        },
        "V_5": {
            "rmse": 0.5226701498031616,
            "mae": 0.34532302618026733,
            "kl": 6.15764510772237,
            "n_masked": 1839
        },
        "V_6": {
            "rmse": 0.5316826105117798,
            "mae": 0.3667331039905548,
            "kl": 8.484499020479586,
            "n_masked": 1790
        },
        "V_7": {
            "rmse": 0.5149480104446411,
            "mae": 0.32907527685165405,
            "kl": 7.83066019909746,
            "n_masked": 1885
        },
        "V_8": {
            "rmse": 0.5083456039428711,
            "mae": 0.3212149143218994,
            "kl": 5.551685890963221,
            "n_masked": 1838
        },
        "V_9": {
            "rmse": 0.2734305262565613,
            "mae": 0.08534771203994751,
            "kl": 1.1684117854607954,
            "n_masked": 1826
        },
        "V_10": {
            "rmse": 0.4025964140892029,
            "mae": 0.19825595617294312,
            "kl": 2.675371394146586,
            "n_masked": 1821
        },
        "overall": {
            "rmse": 0.5283626914024353,
            "mae": 0.351138174533844,
            "kl": 3.0931172326261924,
            "n_masked": 18483
        }
    },
    "test": {
        "V_1": {
            "rmse": 0.6586769223213196,
            "mae": 0.5603048205375671,
            "kl": 12.154783886364623,
            "n_masked": 1834
        },
        "V_2": {
            "rmse": 0.6308758854866028,
            "mae": 0.49994999170303345,
            "kl": 4.886470488654058,
            "n_masked": 1889
        },
        "V_3": {
            "rmse": 0.6023445725440979,
            "mae": 0.4360120892524719,
            "kl": 5.9415151505237285,
            "n_masked": 1848
        },
        "V_4": {
            "rmse": 0.5103740692138672,
            "mae": 0.3367179036140442,
            "kl": 8.36777074515725,
            "n_masked": 1859
        },
        "V_5": {
            "rmse": 0.5424939393997192,
            "mae": 0.3648906350135803,
            "kl": 6.063700294730747,
            "n_masked": 1863
        },
        "V_6": {
            "rmse": 0.5440953373908997,
            "mae": 0.37870797514915466,
            "kl": 7.955783956857111,
            "n_masked": 1831
        },
        "V_7": {
            "rmse": 0.505473792552948,
            "mae": 0.31821930408477783,
            "kl": 5.78927150907194,
            "n_masked": 1812
        },
        "V_8": {
            "rmse": 0.5122565031051636,
            "mae": 0.32895535230636597,
            "kl": 5.545694626505217,
            "n_masked": 1882
        },
        "V_9": {
            "rmse": 0.28676414489746094,
            "mae": 0.09390129148960114,
            "kl": 1.056576856054116,
            "n_masked": 1838
        },
        "V_10": {
            "rmse": 0.4354209899902344,
            "mae": 0.22635139524936676,
            "kl": 2.4986500780410394,
            "n_masked": 1842
        },
        "overall": {
            "rmse": 0.532730758190155,
            "mae": 0.35474950075149536,
            "kl": 2.1468082292039554,
            "n_masked": 18498
        }
    }
}