{
    "xgboost": {
        "accuracy": 0.8957487137828324,
        "f1": 0.9090479565320104,
        "roc_auc": 0.961898301243727
    },
    "random_forest": {
        "accuracy": 0.893040888166802,
        "f1": 0.9083313993966117,
        "roc_auc": 0.9572838983429897
    },
    "logistic_regression": {
        "accuracy": 0.8505280259951259,
        "f1": 0.8703007518796992,
        "roc_auc": 0.9150007603701065
    }
}