{
    "xgboost": {
        "accuracy": 0.9179528838342811,
        "f1": 0.9291559504325462,
        "roc_auc": 0.9712657627704906
    },
    "random_forest": {
        "accuracy": 0.9141619279718386,
        "f1": 0.9267052023121388,
        "roc_auc": 0.9692401964438535
    },
    "logistic_regression": {
        "accuracy": 0.8968318440292445,
        "f1": 0.9110436609852908,
        "roc_auc": 0.9533252028399076
    }
}