{
    "train": {
        "V_1": {
            "rmse": 0.6296152472496033,
            "mae": 0.5273182392120361,
            "kl": 6.50121949449771,
            "n_masked": 1751
        },
        "V_2": {
            "rmse": 0.6098304390907288,
            "mae": 0.4725596010684967,
            "kl": 4.559601132864342,
            "n_masked": 1681
        },
        "V_3": {
            "rmse": 0.5993692278862,
            "mae": 0.43837541341781616,
            "kl": 3.275339630472102,
            "n_masked": 1691
        },
        "V_4": {
            "rmse": 0.5154168009757996,
            "mae": 0.3403809368610382,
            "kl": 3.4541526887435916,
            "n_masked": 1720
        },
        "V_5": {
            "rmse": 0.503263533115387,
            "mae": 0.3231377899646759,
            "kl": 5.22473910091325,
            "n_masked": 1754
        },
        "V_6": {
            "rmse": 0.5271484851837158,
            "mae": 0.3631547689437866,
            "kl": 4.37490892751704,
            "n_masked": 1728
        },
        "V_7": {
            "rmse": 0.48324277997016907,
            "mae": 0.2983319163322449,
            "kl": 2.80249837749348,
            "n_masked": 1765
        },
        "V_8": {
            "rmse": 0.47052472829818726,
            "mae": 0.28884437680244446,
            "kl": 2.969495716655173,
            "n_masked": 1715
        },
        "V_9": {
            "rmse": 0.17638476192951202,
            "mae": 0.042662475258111954,
            "kl": 0.7343795077585211,
            "n_masked": 1706
        },
        "V_10": {
            "rmse": 0.34185144305229187,
            "mae": 0.15242736041545868,
            "kl": 1.2408770030579743,
            "n_masked": 1684
        },
        "overall": {
            "rmse": 0.502962589263916,
            "mae": 0.3251040577888489,
            "kl": 1.1444062819763996,
            "n_masked": 17195
        }
    },
    "val": {
        "V_1": {
            "rmse": 0.6163853406906128,
            "mae": 0.5148895382881165,
            "kl": 10.63511364457358,
            "n_masked": 375
        },
        "V_2": {
            "rmse": 0.6257463097572327,
            "mae": 0.49330803751945496,
            "kl": 7.279889220971684,
            "n_masked": 362
        },
        "V_3": {
            "rmse": 0.5478634238243103,
            "mae": 0.37001121044158936,
            "kl": 6.0204365413583485,
            "n_masked": 383
        },
        "V_4": {
            "rmse": 0.5210683345794678,
            "mae": 0.3572816848754883,
            "kl": 10.773088217746034,
            "n_masked": 340
        },
        "V_5": {
            "rmse": 0.4741164743900299,
            "mae": 0.2961646318435669,
            "kl": 7.9366656419288875,
            "n_masked": 380
        },
        "V_6": {
            "rmse": 0.48997360467910767,
            "mae": 0.32281848788261414,
            "kl": 8.220884076852872,
            "n_masked": 386
        },
        "V_7": {
            "rmse": 0.49026933312416077,
            "mae": 0.3040200471878052,
            "kl": 6.898412343189399,
            "n_masked": 373
        },
        "V_8": {
            "rmse": 0.43238335847854614,
            "mae": 0.24646107852458954,
            "kl": 4.690340051735296,
            "n_masked": 350
        },
        "V_9": {
            "rmse": 0.1191902905702591,
            "mae": 0.0214068666100502,
            "kl": 0.8384512483005936,
            "n_masked": 370
        },
        "V_10": {
            "rmse": 0.3125287890434265,
            "mae": 0.13865819573402405,
            "kl": 3.120813510312236,
            "n_masked": 342
        },
        "overall": {
            "rmse": 0.48561105132102966,
            "mae": 0.307840496301651,
            "kl": 1.6982476585364088,
            "n_masked": 3661
        }
    },
    "test": {
        "V_1": {
            "rmse": 0.6466732621192932,
            "mae": 0.541883647441864,
            "kl": 13.033179370937379,
            "n_masked": 368
        },
        "V_2": {
            "rmse": 0.6175654530525208,
            "mae": 0.48654040694236755,
            "kl": 8.50344499893177,
            "n_masked": 367
        },
        "V_3": {
            "rmse": 0.6028704643249512,
            "mae": 0.4333634078502655,
            "kl": 7.221520159625311,
            "n_masked": 336
        },
        "V_4": {
            "rmse": 0.48045629262924194,
            "mae": 0.2999771237373352,
            "kl": 6.943922992934265,
            "n_masked": 377
        },
        "V_5": {
            "rmse": 0.47707438468933105,
            "mae": 0.2942572236061096,
            "kl": 6.584101698721188,
            "n_masked": 422
        },
        "V_6": {
            "rmse": 0.5103966593742371,
            "mae": 0.34066858887672424,
            "kl": 7.250672672010786,
            "n_masked": 389
        },
        "V_7": {
            "rmse": 0.48085933923721313,
            "mae": 0.29450923204421997,
            "kl": 4.88974576051145,
            "n_masked": 372
        },
        "V_8": {
            "rmse": 0.4714830815792084,
            "mae": 0.2866414487361908,
            "kl": 6.511057660915502,
            "n_masked": 357
        },
        "V_9": {
            "rmse": 0.21586288511753082,
            "mae": 0.05830518528819084,
            "kl": 0.8910959977346122,
            "n_masked": 378
        },
        "V_10": {
            "rmse": 0.35486796498298645,
            "mae": 0.16499140858650208,
            "kl": 2.8901031763540344,
            "n_masked": 393
        },
        "overall": {
            "rmse": 0.4981667995452881,
            "mae": 0.31714311242103577,
            "kl": 1.91902940711891,
            "n_masked": 3759
        }
    }
}