{
    "train": {
        "V_1": {
            "rmse": 0.6439454555511475,
            "mae": 0.5458922386169434,
            "kl": 4.3457546298904175,
            "n_masked": 8637
        },
        "V_2": {
            "rmse": 0.6272705793380737,
            "mae": 0.49476078152656555,
            "kl": 3.8454254428201247,
            "n_masked": 8604
        },
        "V_3": {
            "rmse": 0.6175289750099182,
            "mae": 0.45704060792922974,
            "kl": 2.1675372205998573,
            "n_masked": 8737
        },
        "V_4": {
            "rmse": 0.5489951968193054,
            "mae": 0.3760792016983032,
            "kl": 1.855933309030782,
            "n_masked": 8539
        },
        "V_5": {
            "rmse": 0.5493713021278381,
            "mae": 0.3752385675907135,
            "kl": 6.977476241163673,
            "n_masked": 8652
        },
        "V_6": {
            "rmse": 0.5650619864463806,
            "mae": 0.4034990966320038,
            "kl": 2.7522548178628634,
            "n_masked": 8519
        },
        "V_7": {
            "rmse": 0.5615537166595459,
            "mae": 0.3803498148918152,
            "kl": 3.8409907579428015,
            "n_masked": 8750
        },
        "V_8": {
            "rmse": 0.521658718585968,
            "mae": 0.3375418186187744,
            "kl": 3.2089390248532745,
            "n_masked": 8705
        },
        "V_9": {
            "rmse": 0.3092038631439209,
            "mae": 0.10709108412265778,
            "kl": 0.5403506697592793,
            "n_masked": 8553
        },
        "V_10": {
            "rmse": 0.3832024037837982,
            "mae": 0.18572264909744263,
            "kl": 0.7542841918797952,
            "n_masked": 8617
        },
        "overall": {
            "rmse": 0.5426318049430847,
            "mae": 0.36660706996917725,
            "kl": 1.473086289554891,
            "n_masked": 86313
        }
    },
    "val": {
        "V_1": {
            "rmse": 0.6441130638122559,
            "mae": 0.5480090379714966,
            "kl": 7.388344502805766,
            "n_masked": 1875
        },
        "V_2": {
            "rmse": 0.6287541389465332,
            "mae": 0.497937947511673,
            "kl": 7.445106742374303,
            "n_masked": 1864
        },
        "V_3": {
            "rmse": 0.6168218851089478,
            "mae": 0.4557442367076874,
            "kl": 3.6136354710465,
            "n_masked": 1814
        },
        "V_4": {
            "rmse": 0.5456730127334595,
            "mae": 0.3764335811138153,
            "kl": 4.480734869763931,
            "n_masked": 1806
        },
        "V_5": {
            "rmse": 0.5321974754333496,
            "mae": 0.35394641757011414,
            "kl": 7.855176930925152,
            "n_masked": 1841
        },
        "V_6": {
            "rmse": 0.5652257800102234,
            "mae": 0.4051539897918701,
            "kl": 6.165332971247926,
            "n_masked": 1829
        },
        "V_7": {
            "rmse": 0.5686757564544678,
            "mae": 0.3877270817756653,
            "kl": 5.146800373197868,
            "n_masked": 1837
        },
        "V_8": {
            "rmse": 0.5120688676834106,
            "mae": 0.32332634925842285,
            "kl": 5.597547244368282,
            "n_masked": 1813
        },
        "V_9": {
            "rmse": 0.3254007399082184,
            "mae": 0.11699406057596207,
            "kl": 0.9546584314333817,
            "n_masked": 1843
        },
        "V_10": {
            "rmse": 0.3818954527378082,
            "mae": 0.18428274989128113,
            "kl": 2.7166351804623945,
            "n_masked": 1774
        },
        "overall": {
            "rmse": 0.541854977607727,
            "mae": 0.3659738302230835,
            "kl": 2.10421870469878,
            "n_masked": 18296
        }
    },
    "test": {
        "V_1": {
            "rmse": 0.6356165409088135,
            "mae": 0.5324984788894653,
            "kl": 9.256054291510951,
            "n_masked": 1841
        },
        "V_2": {
            "rmse": 0.6256638169288635,
            "mae": 0.49090665578842163,
            "kl": 9.525942443038618,
            "n_masked": 1802
        },
        "V_3": {
            "rmse": 0.6255791783332825,
            "mae": 0.4622071087360382,
            "kl": 6.386757408985235,
            "n_masked": 1860
        },
        "V_4": {
            "rmse": 0.5474538803100586,
            "mae": 0.37466222047805786,
            "kl": 4.618327612121996,
            "n_masked": 1863
        },
        "V_5": {
            "rmse": 0.5451375246047974,
            "mae": 0.37052464485168457,
            "kl": 8.951414814200584,
            "n_masked": 1865
        },
        "V_6": {
            "rmse": 0.5667599439620972,
            "mae": 0.40314245223999023,
            "kl": 6.33935493474082,
            "n_masked": 1881
        },
        "V_7": {
            "rmse": 0.554375171661377,
            "mae": 0.37092795968055725,
            "kl": 5.259540203488152,
            "n_masked": 1844
        },
        "V_8": {
            "rmse": 0.5169583559036255,
            "mae": 0.3347417414188385,
            "kl": 6.9979073587559935,
            "n_masked": 1795
        },
        "V_9": {
            "rmse": 0.32435864210128784,
            "mae": 0.11761093139648438,
            "kl": 0.8428632066156215,
            "n_masked": 1895
        },
        "V_10": {
            "rmse": 0.3904723525047302,
            "mae": 0.19135300815105438,
            "kl": 1.6179405287583362,
            "n_masked": 1820
        },
        "overall": {
            "rmse": 0.541626513004303,
            "mae": 0.3643437623977661,
            "kl": 1.9721812244267767,
            "n_masked": 18466
        }
    }
}