{
    "train": {
        "V_1": {
            "rmse": 0.6581233143806458,
            "mae": 0.5617493391036987,
            "kl": 5.31032919812497,
            "n_masked": 8680
        },
        "V_2": {
            "rmse": 0.6305766105651855,
            "mae": 0.49897053837776184,
            "kl": 4.736567984912685,
            "n_masked": 8642
        },
        "V_3": {
            "rmse": 0.6113554835319519,
            "mae": 0.44947177171707153,
            "kl": 4.046487644918824,
            "n_masked": 8576
        },
        "V_4": {
            "rmse": 0.5124409794807434,
            "mae": 0.33548828959465027,
            "kl": 3.7599165843686855,
            "n_masked": 8662
        },
        "V_5": {
            "rmse": 0.5264980792999268,
            "mae": 0.35153377056121826,
            "kl": 3.851358337596852,
            "n_masked": 8652
        },
        "V_6": {
            "rmse": 0.5436757802963257,
            "mae": 0.3786376118659973,
            "kl": 2.5124814479476902,
            "n_masked": 8554
        },
        "V_7": {
            "rmse": 0.5260934829711914,
            "mae": 0.34226226806640625,
            "kl": 3.7353098157339732,
            "n_masked": 8540
        },
        "V_8": {
            "rmse": 0.45012617111206055,
            "mae": 0.268640398979187,
            "kl": 3.94393908921129,
            "n_masked": 8610
        },
        "V_9": {
            "rmse": 0.19832360744476318,
            "mae": 0.05062291771173477,
            "kl": 1.0129681558224095,
            "n_masked": 8609
        },
        "V_10": {
            "rmse": 0.44209370017051697,
            "mae": 0.2337620109319687,
            "kl": 0.9890714334917453,
            "n_masked": 8486
        },
        "overall": {
            "rmse": 0.5250117778778076,
            "mae": 0.34745001792907715,
            "kl": 1.6074317272150835,
            "n_masked": 86011
        }
    },
    "val": {
        "V_1": {
            "rmse": 0.6602500677108765,
            "mae": 0.5701342821121216,
            "kl": 10.636729647569426,
            "n_masked": 1870
        },
        "V_2": {
            "rmse": 0.624677836894989,
            "mae": 0.4916611611843109,
            "kl": 8.753921324763718,
            "n_masked": 1842
        },
        "V_3": {
            "rmse": 0.6129364967346191,
            "mae": 0.4522472620010376,
            "kl": 7.17606888072214,
            "n_masked": 1850
        },
        "V_4": {
            "rmse": 0.520217776298523,
            "mae": 0.3453027904033661,
            "kl": 6.427322572210938,
            "n_masked": 1906
        },
        "V_5": {
            "rmse": 0.5327785611152649,
            "mae": 0.3600263297557831,
            "kl": 6.3218309461067985,
            "n_masked": 1826
        },
        "V_6": {
            "rmse": 0.5429389476776123,
            "mae": 0.3798723816871643,
            "kl": 6.252978397745942,
            "n_masked": 1790
        },
        "V_7": {
            "rmse": 0.535495400428772,
            "mae": 0.350294828414917,
            "kl": 7.126344628186038,
            "n_masked": 1891
        },
        "V_8": {
            "rmse": 0.4414159059524536,
            "mae": 0.25891268253326416,
            "kl": 6.470296861418014,
            "n_masked": 1875
        },
        "V_9": {
            "rmse": 0.18951934576034546,
            "mae": 0.04618799686431885,
            "kl": 1.0506747255281519,
            "n_masked": 1861
        },
        "V_10": {
            "rmse": 0.4391741156578064,
            "mae": 0.2277422398328781,
            "kl": 2.771916376566222,
            "n_masked": 1886
        },
        "overall": {
            "rmse": 0.5251637101173401,
            "mae": 0.3477615416049957,
            "kl": 2.2544183064443994,
            "n_masked": 18597
        }
    },
    "test": {
        "V_1": {
            "rmse": 0.6529768109321594,
            "mae": 0.554990291595459,
            "kl": 11.277990778549759,
            "n_masked": 1897
        },
        "V_2": {
            "rmse": 0.6299625039100647,
            "mae": 0.49782535433769226,
            "kl": 7.94576614317123,
            "n_masked": 1824
        },
        "V_3": {
            "rmse": 0.6001961827278137,
            "mae": 0.43087130784988403,
            "kl": 7.829138728755884,
            "n_masked": 1836
        },
        "V_4": {
            "rmse": 0.5158382654190063,
            "mae": 0.3411504626274109,
            "kl": 6.065315439421665,
            "n_masked": 1849
        },
        "V_5": {
            "rmse": 0.519035279750824,
            "mae": 0.3441604673862457,
            "kl": 7.47549450218463,
            "n_masked": 1836
        },
        "V_6": {
            "rmse": 0.5385585427284241,
            "mae": 0.3708699941635132,
            "kl": 5.976842845094275,
            "n_masked": 1862
        },
        "V_7": {
            "rmse": 0.5227283835411072,
            "mae": 0.33590638637542725,
            "kl": 6.224741680531453,
            "n_masked": 1858
        },
        "V_8": {
            "rmse": 0.4612187445163727,
            "mae": 0.28016018867492676,
            "kl": 6.107139028526478,
            "n_masked": 1856
        },
        "V_9": {
            "rmse": 0.19867034256458282,
            "mae": 0.05105204880237579,
            "kl": 1.1350218404927244,
            "n_masked": 1818
        },
        "V_10": {
            "rmse": 0.4518238306045532,
            "mae": 0.2409285604953766,
            "kl": 2.713717404671695,
            "n_masked": 1831
        },
        "overall": {
            "rmse": 0.5239081382751465,
            "mae": 0.3456543982028961,
            "kl": 2.10455229514287,
            "n_masked": 18467
        }
    }
}