{
    "xgboost": {
        "accuracy": 0.9160574059030598,
        "f1": 0.9275023386342375,
        "roc_auc": 0.9719235574586345
    },
    "random_forest": {
        "accuracy": 0.9160574059030598,
        "f1": 0.928174235403151,
        "roc_auc": 0.9702936817716922
    },
    "logistic_regression": {
        "accuracy": 0.8973734091524506,
        "f1": 0.9117167481947356,
        "roc_auc": 0.9575024674755414
    }
}