{
    "train": {
        "V_1": {
            "rmse": 0.6344738602638245,
            "mae": 0.5334939360618591,
            "kl": 4.006242791548294,
            "n_masked": 6901
        },
        "V_2": {
            "rmse": 0.6186897158622742,
            "mae": 0.483053058385849,
            "kl": 3.2036690721178083,
            "n_masked": 6852
        },
        "V_3": {
            "rmse": 0.6146507263183594,
            "mae": 0.45451831817626953,
            "kl": 3.396144643654381,
            "n_masked": 6978
        },
        "V_4": {
            "rmse": 0.5284065008163452,
            "mae": 0.35314857959747314,
            "kl": 2.43524008077535,
            "n_masked": 6838
        },
        "V_5": {
            "rmse": 0.5508325695991516,
            "mae": 0.3773731291294098,
            "kl": 2.778756052891696,
            "n_masked": 6923
        },
        "V_6": {
            "rmse": 0.5570584535598755,
            "mae": 0.3954755365848541,
            "kl": 2.8686553559388095,
            "n_masked": 6882
        },
        "V_7": {
            "rmse": 0.5871645212173462,
            "mae": 0.41035330295562744,
            "kl": 3.7789239186596526,
            "n_masked": 7030
        },
        "V_8": {
            "rmse": 0.4893718957901001,
            "mae": 0.30550581216812134,
            "kl": 2.4290867813592816,
            "n_masked": 6963
        },
        "V_9": {
            "rmse": 0.29550808668136597,
            "mae": 0.09913397580385208,
            "kl": 0.4985765248791562,
            "n_masked": 6823
        },
        "V_10": {
            "rmse": 0.5391587615013123,
            "mae": 0.32842183113098145,
            "kl": 1.679379546296721,
            "n_masked": 6909
        },
        "overall": {
            "rmse": 0.5496770739555359,
            "mae": 0.37438565492630005,
            "kl": 1.5071178164843708,
            "n_masked": 69099
        }
    },
    "val": {
        "V_1": {
            "rmse": 0.6420295238494873,
            "mae": 0.5468465089797974,
            "kl": 9.95053471146706,
            "n_masked": 1494
        },
        "V_2": {
            "rmse": 0.6174585819244385,
            "mae": 0.4832567274570465,
            "kl": 6.381800942389201,
            "n_masked": 1473
        },
        "V_3": {
            "rmse": 0.6139287352561951,
            "mae": 0.44859471917152405,
            "kl": 4.902814709405521,
            "n_masked": 1436
        },
        "V_4": {
            "rmse": 0.5250360369682312,
            "mae": 0.3555336892604828,
            "kl": 5.853348614142427,
            "n_masked": 1427
        },
        "V_5": {
            "rmse": 0.5442934632301331,
            "mae": 0.36944809556007385,
            "kl": 5.7444273071666405,
            "n_masked": 1469
        },
        "V_6": {
            "rmse": 0.5561475157737732,
            "mae": 0.39410796761512756,
            "kl": 6.271726578150733,
            "n_masked": 1452
        },
        "V_7": {
            "rmse": 0.5952670574188232,
            "mae": 0.4165731370449066,
            "kl": 5.922475121003381,
            "n_masked": 1520
        },
        "V_8": {
            "rmse": 0.48224812746047974,
            "mae": 0.2961638867855072,
            "kl": 4.557862410518845,
            "n_masked": 1463
        },
        "V_9": {
            "rmse": 0.2847149968147278,
            "mae": 0.09155121445655823,
            "kl": 0.9712260481116255,
            "n_masked": 1479
        },
        "V_10": {
            "rmse": 0.5424602627754211,
            "mae": 0.3318255841732025,
            "kl": 2.742522778850198,
            "n_masked": 1409
        },
        "overall": {
            "rmse": 0.5491617321968079,
            "mae": 0.37373435497283936,
            "kl": 2.1395907576381403,
            "n_masked": 14622
        }
    },
    "test": {
        "V_1": {
            "rmse": 0.6311237812042236,
            "mae": 0.525208055973053,
            "kl": 8.404079163773549,
            "n_masked": 1475
        },
        "V_2": {
            "rmse": 0.6239794492721558,
            "mae": 0.4906242787837982,
            "kl": 7.483856062160104,
            "n_masked": 1434
        },
        "V_3": {
            "rmse": 0.6258171200752258,
            "mae": 0.46468794345855713,
            "kl": 7.143399759584904,
            "n_masked": 1465
        },
        "V_4": {
            "rmse": 0.5228918194770813,
            "mae": 0.34892764687538147,
            "kl": 4.556020751313217,
            "n_masked": 1476
        },
        "V_5": {
            "rmse": 0.549433708190918,
            "mae": 0.3761283755302429,
            "kl": 6.501987148383062,
            "n_masked": 1477
        },
        "V_6": {
            "rmse": 0.5479521155357361,
            "mae": 0.3837411403656006,
            "kl": 4.78529766048003,
            "n_masked": 1516
        },
        "V_7": {
            "rmse": 0.58073490858078,
            "mae": 0.40105170011520386,
            "kl": 5.517109410356211,
            "n_masked": 1467
        },
        "V_8": {
            "rmse": 0.5018271803855896,
            "mae": 0.31925341486930847,
            "kl": 4.800925357121893,
            "n_masked": 1431
        },
        "V_9": {
            "rmse": 0.30329400300979614,
            "mae": 0.10540979355573654,
            "kl": 0.9825259585731086,
            "n_masked": 1532
        },
        "V_10": {
            "rmse": 0.5236480236053467,
            "mae": 0.3128321170806885,
            "kl": 2.549337899055266,
            "n_masked": 1466
        },
        "overall": {
            "rmse": 0.547757089138031,
            "mae": 0.3715726435184479,
            "kl": 1.6304572198278664,
            "n_masked": 14739
        }
    }
}