{
    "train": {
        "V_1": {
            "rmse": 0.6443009972572327,
            "mae": 0.5447649359703064,
            "kl": 3.224524426424909,
            "n_masked": 6843
        },
        "V_2": {
            "rmse": 0.6267028450965881,
            "mae": 0.4951534569263458,
            "kl": 3.4071656328005577,
            "n_masked": 6945
        },
        "V_3": {
            "rmse": 0.6101691126823425,
            "mae": 0.44668954610824585,
            "kl": 3.187027847418961,
            "n_masked": 6918
        },
        "V_4": {
            "rmse": 0.5215488076210022,
            "mae": 0.3467722237110138,
            "kl": 3.8633151978630345,
            "n_masked": 6815
        },
        "V_5": {
            "rmse": 0.5013710260391235,
            "mae": 0.32554593682289124,
            "kl": 3.09315710049738,
            "n_masked": 6917
        },
        "V_6": {
            "rmse": 0.5432590246200562,
            "mae": 0.377945214509964,
            "kl": 2.759740351285405,
            "n_masked": 6885
        },
        "V_7": {
            "rmse": 0.5189056992530823,
            "mae": 0.3340453803539276,
            "kl": 2.9393260142007844,
            "n_masked": 6814
        },
        "V_8": {
            "rmse": 0.5212911367416382,
            "mae": 0.3381900191307068,
            "kl": 3.044603273379296,
            "n_masked": 6959
        },
        "V_9": {
            "rmse": 0.25096991658210754,
            "mae": 0.07434125989675522,
            "kl": 0.5627555755183792,
            "n_masked": 6841
        },
        "V_10": {
            "rmse": 0.5037360787391663,
            "mae": 0.29140374064445496,
            "kl": 2.223326920521116,
            "n_masked": 6870
        },
        "overall": {
            "rmse": 0.5346492528915405,
            "mae": 0.35772863030433655,
            "kl": 1.3695018214906052,
            "n_masked": 68807
        }
    },
    "val": {
        "V_1": {
            "rmse": 0.6383837461471558,
            "mae": 0.5365568995475769,
            "kl": 5.142773831911193,
            "n_masked": 1457
        },
        "V_2": {
            "rmse": 0.624521791934967,
            "mae": 0.4915875196456909,
            "kl": 4.4419281040553225,
            "n_masked": 1485
        },
        "V_3": {
            "rmse": 0.6091265678405762,
            "mae": 0.4467005431652069,
            "kl": 6.223216368306749,
            "n_masked": 1472
        },
        "V_4": {
            "rmse": 0.5207571983337402,
            "mae": 0.3485746383666992,
            "kl": 6.282738743021471,
            "n_masked": 1446
        },
        "V_5": {
            "rmse": 0.48937150835990906,
            "mae": 0.30778923630714417,
            "kl": 6.2580947292312175,
            "n_masked": 1476
        },
        "V_6": {
            "rmse": 0.5443428754806519,
            "mae": 0.3846018314361572,
            "kl": 7.086921935996938,
            "n_masked": 1489
        },
        "V_7": {
            "rmse": 0.5112389326095581,
            "mae": 0.3263554573059082,
            "kl": 5.211685356452052,
            "n_masked": 1475
        },
        "V_8": {
            "rmse": 0.5376033186912537,
            "mae": 0.3539822995662689,
            "kl": 4.919768053985816,
            "n_masked": 1517
        },
        "V_9": {
            "rmse": 0.24362143874168396,
            "mae": 0.06896558403968811,
            "kl": 1.0783867675251673,
            "n_masked": 1499
        },
        "V_10": {
            "rmse": 0.5085104703903198,
            "mae": 0.29267412424087524,
            "kl": 3.419088089216944,
            "n_masked": 1511
        },
        "overall": {
            "rmse": 0.5328357815742493,
            "mae": 0.3550480902194977,
            "kl": 1.6427207770913466,
            "n_masked": 14827
        }
    },
    "test": {
        "V_1": {
            "rmse": 0.6334449052810669,
            "mae": 0.5300825834274292,
            "kl": 3.7253280232354467,
            "n_masked": 1470
        },
        "V_2": {
            "rmse": 0.6150662899017334,
            "mae": 0.48154300451278687,
            "kl": 6.510383941812992,
            "n_masked": 1508
        },
        "V_3": {
            "rmse": 0.6243064403533936,
            "mae": 0.4674804210662842,
            "kl": 5.4754307818142856,
            "n_masked": 1520
        },
        "V_4": {
            "rmse": 0.5153744220733643,
            "mae": 0.3385016918182373,
            "kl": 6.002436476821025,
            "n_masked": 1465
        },
        "V_5": {
            "rmse": 0.5114163160324097,
            "mae": 0.3354073464870453,
            "kl": 5.540834365880235,
            "n_masked": 1490
        },
        "V_6": {
            "rmse": 0.5350328683853149,
            "mae": 0.36659425497055054,
            "kl": 6.346058489352365,
            "n_masked": 1451
        },
        "V_7": {
            "rmse": 0.49888163805007935,
            "mae": 0.31266704201698303,
            "kl": 4.865977296538803,
            "n_masked": 1508
        },
        "V_8": {
            "rmse": 0.5315012335777283,
            "mae": 0.3505842387676239,
            "kl": 4.735276005339118,
            "n_masked": 1464
        },
        "V_9": {
            "rmse": 0.26666247844696045,
            "mae": 0.08180718123912811,
            "kl": 0.9674326570648348,
            "n_masked": 1462
        },
        "V_10": {
            "rmse": 0.5080034732818604,
            "mae": 0.2957153022289276,
            "kl": 3.1048605875968165,
            "n_masked": 1488
        },
        "overall": {
            "rmse": 0.5337522029876709,
            "mae": 0.3566661775112152,
            "kl": 1.8636465527343145,
            "n_masked": 14826
        }
    }
}