{
    "train": {
        "V_1": {
            "rmse": 0.651724100112915,
            "mae": 0.5522564053535461,
            "kl": 6.036864983801391,
            "n_masked": 3457
        },
        "V_2": {
            "rmse": 0.6257327795028687,
            "mae": 0.4930504560470581,
            "kl": 3.203725690999339,
            "n_masked": 3450
        },
        "V_3": {
            "rmse": 0.6226010918617249,
            "mae": 0.4620684087276459,
            "kl": 4.072441145555928,
            "n_masked": 3483
        },
        "V_4": {
            "rmse": 0.4945383369922638,
            "mae": 0.31902533769607544,
            "kl": 3.229566643902151,
            "n_masked": 3439
        },
        "V_5": {
            "rmse": 0.5101293325424194,
            "mae": 0.33389121294021606,
            "kl": 4.764139016080846,
            "n_masked": 3506
        },
        "V_6": {
            "rmse": 0.5522357225418091,
            "mae": 0.387340247631073,
            "kl": 3.5501821350970917,
            "n_masked": 3420
        },
        "V_7": {
            "rmse": 0.5445144772529602,
            "mae": 0.360185444355011,
            "kl": 4.925952659824719,
            "n_masked": 3404
        },
        "V_8": {
            "rmse": 0.48485487699508667,
            "mae": 0.3017529845237732,
            "kl": 2.4976096256781335,
            "n_masked": 3482
        },
        "V_9": {
            "rmse": 0.23542724549770355,
            "mae": 0.06823080778121948,
            "kl": 0.9704630897134795,
            "n_masked": 3385
        },
        "V_10": {
            "rmse": 0.450828492641449,
            "mae": 0.24047017097473145,
            "kl": 1.1728736814049143,
            "n_masked": 3497
        },
        "overall": {
            "rmse": 0.5298469066619873,
            "mae": 0.3522484004497528,
            "kl": 1.3347793229178275,
            "n_masked": 34523
        }
    },
    "val": {
        "V_1": {
            "rmse": 0.6402876377105713,
            "mae": 0.54344242811203,
            "kl": 11.642990103774801,
            "n_masked": 725
        },
        "V_2": {
            "rmse": 0.6277971267700195,
            "mae": 0.49710601568222046,
            "kl": 9.379700457588392,
            "n_masked": 758
        },
        "V_3": {
            "rmse": 0.6140177845954895,
            "mae": 0.4543197453022003,
            "kl": 7.946140198796394,
            "n_masked": 725
        },
        "V_4": {
            "rmse": 0.5059758424758911,
            "mae": 0.3371155261993408,
            "kl": 7.83609649906242,
            "n_masked": 776
        },
        "V_5": {
            "rmse": 0.4937649071216583,
            "mae": 0.31787851452827454,
            "kl": 6.665788960465238,
            "n_masked": 771
        },
        "V_6": {
            "rmse": 0.5319904685020447,
            "mae": 0.3661613166332245,
            "kl": 8.674178379535123,
            "n_masked": 751
        },
        "V_7": {
            "rmse": 0.5363219976425171,
            "mae": 0.3487369418144226,
            "kl": 6.850235013315326,
            "n_masked": 696
        },
        "V_8": {
            "rmse": 0.477880597114563,
            "mae": 0.2907412350177765,
            "kl": 5.637044378790756,
            "n_masked": 716
        },
        "V_9": {
            "rmse": 0.184504434466362,
            "mae": 0.04634939879179001,
            "kl": 1.1086479233924387,
            "n_masked": 718
        },
        "V_10": {
            "rmse": 0.444699227809906,
            "mae": 0.23477771878242493,
            "kl": 2.7828719948107263,
            "n_masked": 741
        },
        "overall": {
            "rmse": 0.5210997462272644,
            "mae": 0.3443131148815155,
            "kl": 2.1358811681672236,
            "n_masked": 7377
        }
    },
    "test": {
        "V_1": {
            "rmse": 0.66933274269104,
            "mae": 0.5801049470901489,
            "kl": 13.011592249494832,
            "n_masked": 721
        },
        "V_2": {
            "rmse": 0.6288158297538757,
            "mae": 0.496048241853714,
            "kl": 6.752649308545234,
            "n_masked": 812
        },
        "V_3": {
            "rmse": 0.6170762777328491,
            "mae": 0.4547061622142792,
            "kl": 8.697447810532827,
            "n_masked": 770
        },
        "V_4": {
            "rmse": 0.49875324964523315,
            "mae": 0.32922905683517456,
            "kl": 6.732699553248725,
            "n_masked": 705
        },
        "V_5": {
            "rmse": 0.5003325343132019,
            "mae": 0.32299959659576416,
            "kl": 8.152172720013851,
            "n_masked": 703
        },
        "V_6": {
            "rmse": 0.5519182682037354,
            "mae": 0.3885538876056671,
            "kl": 8.804004317906731,
            "n_masked": 735
        },
        "V_7": {
            "rmse": 0.506756603717804,
            "mae": 0.3200431764125824,
            "kl": 6.125303545097867,
            "n_masked": 733
        },
        "V_8": {
            "rmse": 0.4522862434387207,
            "mae": 0.2651655673980713,
            "kl": 4.9913953743866575,
            "n_masked": 726
        },
        "V_9": {
            "rmse": 0.21732540428638458,
            "mae": 0.06087767332792282,
            "kl": 1.3227532348905562,
            "n_masked": 723
        },
        "V_10": {
            "rmse": 0.47272366285324097,
            "mae": 0.25902503728866577,
            "kl": 2.894812641747343,
            "n_masked": 702
        },
        "overall": {
            "rmse": 0.5275888442993164,
            "mae": 0.35046178102493286,
            "kl": 2.0307688283636303,
            "n_masked": 7330
        }
    }
}