{
    "xgboost": {
        "accuracy": 0.8350934199837531,
        "f1": 0.8540618260244428,
        "roc_auc": 0.9131991304944195
    },
    "random_forest": {
        "accuracy": 0.8226374221500136,
        "f1": 0.8479219874622707,
        "roc_auc": 0.9002463002776097
    },
    "logistic_regression": {
        "accuracy": 0.7717303005686433,
        "f1": 0.7992379137889973,
        "roc_auc": 0.8364915032367912
    }
}