{
    "train": {
        "V_1": {
            "rmse": 0.6449564099311829,
            "mae": 0.5445801019668579,
            "kl": 3.2120502052185933,
            "n_masked": 8650
        },
        "V_2": {
            "rmse": 0.6334124803543091,
            "mae": 0.50127112865448,
            "kl": 3.857599089715443,
            "n_masked": 8638
        },
        "V_3": {
            "rmse": 0.6125708818435669,
            "mae": 0.45045650005340576,
            "kl": 3.1801040677705226,
            "n_masked": 8577
        },
        "V_4": {
            "rmse": 0.51338791847229,
            "mae": 0.33697783946990967,
            "kl": 3.373981657993672,
            "n_masked": 8572
        },
        "V_5": {
            "rmse": 0.5057066082954407,
            "mae": 0.32953959703445435,
            "kl": 2.7145945369531117,
            "n_masked": 8647
        },
        "V_6": {
            "rmse": 0.5499988198280334,
            "mae": 0.3847194015979767,
            "kl": 2.235869241135376,
            "n_masked": 8592
        },
        "V_7": {
            "rmse": 0.5405638217926025,
            "mae": 0.3574913740158081,
            "kl": 3.1053898171627816,
            "n_masked": 8586
        },
        "V_8": {
            "rmse": 0.4942553639411926,
            "mae": 0.31081610918045044,
            "kl": 2.28526220360186,
            "n_masked": 8591
        },
        "V_9": {
            "rmse": 0.27866730093955994,
            "mae": 0.08918584883213043,
            "kl": 0.7863708103161167,
            "n_masked": 8541
        },
        "V_10": {
            "rmse": 0.42873165011405945,
            "mae": 0.2221769392490387,
            "kl": 1.210418971783686,
            "n_masked": 8791
        },
        "overall": {
            "rmse": 0.5303212404251099,
            "mae": 0.3527563810348511,
            "kl": 1.4351649451932775,
            "n_masked": 86185
        }
    },
    "val": {
        "V_1": {
            "rmse": 0.6431870460510254,
            "mae": 0.5474534034729004,
            "kl": 5.881074821903297,
            "n_masked": 1826
        },
        "V_2": {
            "rmse": 0.6237744688987732,
            "mae": 0.4912402629852295,
            "kl": 7.354896192016587,
            "n_masked": 1878
        },
        "V_3": {
            "rmse": 0.6080396771430969,
            "mae": 0.4471236765384674,
            "kl": 5.308372910291556,
            "n_masked": 1787
        },
        "V_4": {
            "rmse": 0.518869936466217,
            "mae": 0.34577804803848267,
            "kl": 5.199498327148693,
            "n_masked": 1841
        },
        "V_5": {
            "rmse": 0.49843692779541016,
            "mae": 0.322088360786438,
            "kl": 5.233894535985416,
            "n_masked": 1862
        },
        "V_6": {
            "rmse": 0.5401817560195923,
            "mae": 0.3774549961090088,
            "kl": 5.439025845700254,
            "n_masked": 1859
        },
        "V_7": {
            "rmse": 0.5336424708366394,
            "mae": 0.34961527585983276,
            "kl": 6.070281556498547,
            "n_masked": 1843
        },
        "V_8": {
            "rmse": 0.4945984184741974,
            "mae": 0.30938804149627686,
            "kl": 5.2333977072338715,
            "n_masked": 1799
        },
        "V_9": {
            "rmse": 0.2617781460285187,
            "mae": 0.0802142322063446,
            "kl": 1.0436801273433365,
            "n_masked": 1776
        },
        "V_10": {
            "rmse": 0.41728705167770386,
            "mae": 0.20965984463691711,
            "kl": 2.7518508034189066,
            "n_masked": 1840
        },
        "overall": {
            "rmse": 0.5253918766975403,
            "mae": 0.34888148307800293,
            "kl": 1.8640930294396676,
            "n_masked": 18311
        }
    },
    "test": {
        "V_1": {
            "rmse": 0.6452007293701172,
            "mae": 0.545991063117981,
            "kl": 5.228998103124019,
            "n_masked": 1848
        },
        "V_2": {
            "rmse": 0.6323215365409851,
            "mae": 0.5004473328590393,
            "kl": 7.180084403143962,
            "n_masked": 1923
        },
        "V_3": {
            "rmse": 0.6048834323883057,
            "mae": 0.4394148588180542,
            "kl": 5.245037412803411,
            "n_masked": 1899
        },
        "V_4": {
            "rmse": 0.5128501057624817,
            "mae": 0.338047057390213,
            "kl": 6.6137061280018274,
            "n_masked": 1812
        },
        "V_5": {
            "rmse": 0.5079389214515686,
            "mae": 0.3316115140914917,
            "kl": 6.5422004446924085,
            "n_masked": 1852
        },
        "V_6": {
            "rmse": 0.566855251789093,
            "mae": 0.4043174386024475,
            "kl": 6.738644532759256,
            "n_masked": 1839
        },
        "V_7": {
            "rmse": 0.5158107280731201,
            "mae": 0.33135759830474854,
            "kl": 5.719233943119566,
            "n_masked": 1871
        },
        "V_8": {
            "rmse": 0.4947876036167145,
            "mae": 0.3115634024143219,
            "kl": 4.337865739508208,
            "n_masked": 1827
        },
        "V_9": {
            "rmse": 0.25585347414016724,
            "mae": 0.0775393545627594,
            "kl": 1.310579172012707,
            "n_masked": 1881
        },
        "V_10": {
            "rmse": 0.43802377581596375,
            "mae": 0.22824813425540924,
            "kl": 2.749580060796844,
            "n_masked": 1827
        },
        "overall": {
            "rmse": 0.5288921594619751,
            "mae": 0.3513689339160919,
            "kl": 1.8921594253406695,
            "n_masked": 18579
        }
    }
}