{
    "train": {
        "V_1": {
            "rmse": 0.6522564888000488,
            "mae": 0.5532068610191345,
            "kl": 3.06912526575342,
            "n_masked": 5164
        },
        "V_2": {
            "rmse": 0.6303148865699768,
            "mae": 0.49757614731788635,
            "kl": 3.853480747277931,
            "n_masked": 5190
        },
        "V_3": {
            "rmse": 0.6105300188064575,
            "mae": 0.44723808765411377,
            "kl": 4.041704968831407,
            "n_masked": 5158
        },
        "V_4": {
            "rmse": 0.49954360723495483,
            "mae": 0.3232150077819824,
            "kl": 3.098987817053265,
            "n_masked": 5164
        },
        "V_5": {
            "rmse": 0.53079754114151,
            "mae": 0.35561999678611755,
            "kl": 2.848512297232005,
            "n_masked": 5227
        },
        "V_6": {
            "rmse": 0.5485773086547852,
            "mae": 0.3841783404350281,
            "kl": 4.256661146353327,
            "n_masked": 5077
        },
        "V_7": {
            "rmse": 0.5287927985191345,
            "mae": 0.34449848532676697,
            "kl": 2.927536628713697,
            "n_masked": 5153
        },
        "V_8": {
            "rmse": 0.5251123905181885,
            "mae": 0.343250572681427,
            "kl": 2.992803511874182,
            "n_masked": 5240
        },
        "V_9": {
            "rmse": 0.2683379352092743,
            "mae": 0.08378386497497559,
            "kl": 0.5266759004506899,
            "n_masked": 5105
        },
        "V_10": {
            "rmse": 0.4069203734397888,
            "mae": 0.20393018424510956,
            "kl": 0.8892606688651891,
            "n_masked": 5315
        },
        "overall": {
            "rmse": 0.5310108065605164,
            "mae": 0.35351985692977905,
            "kl": 1.2368213245245536,
            "n_masked": 51793
        }
    },
    "val": {
        "V_1": {
            "rmse": 0.6592889428138733,
            "mae": 0.568767249584198,
            "kl": 11.28830308990183,
            "n_masked": 1090
        },
        "V_2": {
            "rmse": 0.6239458918571472,
            "mae": 0.49081557989120483,
            "kl": 8.298261314691356,
            "n_masked": 1116
        },
        "V_3": {
            "rmse": 0.5973365306854248,
            "mae": 0.4297131597995758,
            "kl": 7.004340195569746,
            "n_masked": 1075
        },
        "V_4": {
            "rmse": 0.50130695104599,
            "mae": 0.32788223028182983,
            "kl": 5.1844820788433585,
            "n_masked": 1111
        },
        "V_5": {
            "rmse": 0.5221938490867615,
            "mae": 0.3444352447986603,
            "kl": 5.888101545687654,
            "n_masked": 1149
        },
        "V_6": {
            "rmse": 0.5365479588508606,
            "mae": 0.37302157282829285,
            "kl": 6.9934379445604185,
            "n_masked": 1126
        },
        "V_7": {
            "rmse": 0.5239892601966858,
            "mae": 0.33605629205703735,
            "kl": 5.125745767504198,
            "n_masked": 1095
        },
        "V_8": {
            "rmse": 0.5149444937705994,
            "mae": 0.32997560501098633,
            "kl": 6.608063180125477,
            "n_masked": 1080
        },
        "V_9": {
            "rmse": 0.23093585669994354,
            "mae": 0.06422504037618637,
            "kl": 0.9863033933451684,
            "n_masked": 1046
        },
        "V_10": {
            "rmse": 0.40833064913749695,
            "mae": 0.20421169698238373,
            "kl": 3.1416059505381315,
            "n_masked": 1074
        },
        "overall": {
            "rmse": 0.5257800221443176,
            "mae": 0.34852778911590576,
            "kl": 2.0931010619156565,
            "n_masked": 10962
        }
    },
    "test": {
        "V_1": {
            "rmse": 0.6665826439857483,
            "mae": 0.5729633569717407,
            "kl": 7.157055344988367,
            "n_masked": 1111
        },
        "V_2": {
            "rmse": 0.6216273307800293,
            "mae": 0.48791712522506714,
            "kl": 5.8035544320606185,
            "n_masked": 1167
        },
        "V_3": {
            "rmse": 0.6097819209098816,
            "mae": 0.44488367438316345,
            "kl": 7.348324696411487,
            "n_masked": 1149
        },
        "V_4": {
            "rmse": 0.5049658417701721,
            "mae": 0.33287838101387024,
            "kl": 6.423391057893288,
            "n_masked": 1085
        },
        "V_5": {
            "rmse": 0.5333109498023987,
            "mae": 0.3593781292438507,
            "kl": 6.097416967955221,
            "n_masked": 1089
        },
        "V_6": {
            "rmse": 0.5513254404067993,
            "mae": 0.389596551656723,
            "kl": 8.821551923265584,
            "n_masked": 1089
        },
        "V_7": {
            "rmse": 0.5124061107635498,
            "mae": 0.3270750641822815,
            "kl": 5.16536755680547,
            "n_masked": 1089
        },
        "V_8": {
            "rmse": 0.5297204852104187,
            "mae": 0.34708619117736816,
            "kl": 5.36903262816108,
            "n_masked": 1095
        },
        "V_9": {
            "rmse": 0.2485939860343933,
            "mae": 0.07571087777614594,
            "kl": 0.83771016037434,
            "n_masked": 1112
        },
        "V_10": {
            "rmse": 0.4017845690250397,
            "mae": 0.1970210075378418,
            "kl": 1.9095250525725962,
            "n_masked": 1104
        },
        "overall": {
            "rmse": 0.5312067866325378,
            "mae": 0.3545432984828949,
            "kl": 1.615539616951798,
            "n_masked": 11090
        }
    }
}