{
    "train": {
        "V_1": {
            "rmse": 0.6552931666374207,
            "mae": 0.5588261485099792,
            "kl": 3.438522666846553,
            "n_masked": 5143
        },
        "V_2": {
            "rmse": 0.6233495473861694,
            "mae": 0.48985061049461365,
            "kl": 6.35902883125463,
            "n_masked": 5265
        },
        "V_3": {
            "rmse": 0.6170938611030579,
            "mae": 0.4556400179862976,
            "kl": 4.066872400192116,
            "n_masked": 5190
        },
        "V_4": {
            "rmse": 0.5111910104751587,
            "mae": 0.3348364531993866,
            "kl": 6.070046779364381,
            "n_masked": 5075
        },
        "V_5": {
            "rmse": 0.5129845142364502,
            "mae": 0.3364585041999817,
            "kl": 3.7260726429830306,
            "n_masked": 5157
        },
        "V_6": {
            "rmse": 0.5192258358001709,
            "mae": 0.3517591953277588,
            "kl": 2.5136625295132977,
            "n_masked": 5181
        },
        "V_7": {
            "rmse": 0.5307612419128418,
            "mae": 0.3471018970012665,
            "kl": 2.6006863670490263,
            "n_masked": 5029
        },
        "V_8": {
            "rmse": 0.44870877265930176,
            "mae": 0.26756417751312256,
            "kl": 3.326286152798751,
            "n_masked": 5269
        },
        "V_9": {
            "rmse": 0.19445869326591492,
            "mae": 0.04884473979473114,
            "kl": 0.4201935110161153,
            "n_masked": 5104
        },
        "V_10": {
            "rmse": 0.37750840187072754,
            "mae": 0.18029871582984924,
            "kl": 1.2907555956967829,
            "n_masked": 5191
        },
        "overall": {
            "rmse": 0.5156456232070923,
            "mae": 0.3374808132648468,
            "kl": 1.4453669155277296,
            "n_masked": 51604
        }
    },
    "val": {
        "V_1": {
            "rmse": 0.6495047807693481,
            "mae": 0.5536651611328125,
            "kl": 6.688382630537931,
            "n_masked": 1093
        },
        "V_2": {
            "rmse": 0.6259697675704956,
            "mae": 0.4915538728237152,
            "kl": 11.293954363460792,
            "n_masked": 1101
        },
        "V_3": {
            "rmse": 0.620002269744873,
            "mae": 0.4590487480163574,
            "kl": 9.298672653306468,
            "n_masked": 1120
        },
        "V_4": {
            "rmse": 0.5233858823776245,
            "mae": 0.35164675116539,
            "kl": 7.847636178822081,
            "n_masked": 1097
        },
        "V_5": {
            "rmse": 0.5161159634590149,
            "mae": 0.3383256196975708,
            "kl": 7.480698235648195,
            "n_masked": 1132
        },
        "V_6": {
            "rmse": 0.5239821076393127,
            "mae": 0.36287176609039307,
            "kl": 8.871966109768682,
            "n_masked": 1110
        },
        "V_7": {
            "rmse": 0.5140597224235535,
            "mae": 0.3267286419868469,
            "kl": 5.90113130019482,
            "n_masked": 1115
        },
        "V_8": {
            "rmse": 0.4464494287967682,
            "mae": 0.26393890380859375,
            "kl": 5.968341329320692,
            "n_masked": 1149
        },
        "V_9": {
            "rmse": 0.18251100182533264,
            "mae": 0.04245062917470932,
            "kl": 0.9415463886453103,
            "n_masked": 1100
        },
        "V_10": {
            "rmse": 0.383758008480072,
            "mae": 0.18541809916496277,
            "kl": 2.5097324772355076,
            "n_masked": 1115
        },
        "overall": {
            "rmse": 0.5151621103286743,
            "mae": 0.33713847398757935,
            "kl": 2.2647693137652927,
            "n_masked": 11132
        }
    },
    "test": {
        "V_1": {
            "rmse": 0.6598836183547974,
            "mae": 0.5595508217811584,
            "kl": 7.964406515463138,
            "n_masked": 1107
        },
        "V_2": {
            "rmse": 0.6336163878440857,
            "mae": 0.5042909979820251,
            "kl": 11.183429154623914,
            "n_masked": 1098
        },
        "V_3": {
            "rmse": 0.6275925040245056,
            "mae": 0.47346076369285583,
            "kl": 6.569335284964532,
            "n_masked": 1159
        },
        "V_4": {
            "rmse": 0.5061876773834229,
            "mae": 0.3282681107521057,
            "kl": 7.7518529590461,
            "n_masked": 1106
        },
        "V_5": {
            "rmse": 0.5195102095603943,
            "mae": 0.34512877464294434,
            "kl": 6.752673389879147,
            "n_masked": 1109
        },
        "V_6": {
            "rmse": 0.516604483127594,
            "mae": 0.34667298197746277,
            "kl": 7.835634227391635,
            "n_masked": 1081
        },
        "V_7": {
            "rmse": 0.5148544907569885,
            "mae": 0.3291134238243103,
            "kl": 6.234452851934187,
            "n_masked": 1153
        },
        "V_8": {
            "rmse": 0.46568557620048523,
            "mae": 0.28641030192375183,
            "kl": 7.55483827949924,
            "n_masked": 1129
        },
        "V_9": {
            "rmse": 0.19552737474441528,
            "mae": 0.04841923713684082,
            "kl": 0.9667369867406466,
            "n_masked": 1085
        },
        "V_10": {
            "rmse": 0.3941972553730011,
            "mae": 0.19270841777324677,
            "kl": 2.2521429321971875,
            "n_masked": 1082
        },
        "overall": {
            "rmse": 0.5205842852592468,
            "mae": 0.34263312816619873,
            "kl": 3.068900232751095,
            "n_masked": 11109
        }
    }
}