{
    "xgboost": {
        "accuracy": 0.8656918494448957,
        "f1": 0.8815097945532728,
        "roc_auc": 0.9321872120657316
    },
    "random_forest": {
        "accuracy": 0.859734633089629,
        "f1": 0.8803142329020333,
        "roc_auc": 0.9263208821485974
    },
    "logistic_regression": {
        "accuracy": 0.7896019496344435,
        "f1": 0.8166155298560301,
        "roc_auc": 0.8506943222716878
    }
}