{
    "train": {
        "V_1": {
            "rmse": 0.6387805938720703,
            "mae": 0.5346393585205078,
            "kl": 9.31728500087565,
            "n_masked": 1719
        },
        "V_2": {
            "rmse": 0.625213086605072,
            "mae": 0.4917152225971222,
            "kl": 6.264122499978191,
            "n_masked": 1804
        },
        "V_3": {
            "rmse": 0.5844788551330566,
            "mae": 0.4188562035560608,
            "kl": 2.8097375410305014,
            "n_masked": 1767
        },
        "V_4": {
            "rmse": 0.4903305470943451,
            "mae": 0.3133317530155182,
            "kl": 6.064191842767489,
            "n_masked": 1708
        },
        "V_5": {
            "rmse": 0.4909888803958893,
            "mae": 0.31531959772109985,
            "kl": 4.190009570967931,
            "n_masked": 1746
        },
        "V_6": {
            "rmse": 0.5216476917266846,
            "mae": 0.354297399520874,
            "kl": 3.1065246625333813,
            "n_masked": 1697
        },
        "V_7": {
            "rmse": 0.5112418532371521,
            "mae": 0.3276233971118927,
            "kl": 4.77750927220555,
            "n_masked": 1685
        },
        "V_8": {
            "rmse": 0.4451085329055786,
            "mae": 0.2648138999938965,
            "kl": 3.5966856335444946,
            "n_masked": 1661
        },
        "V_9": {
            "rmse": 0.20711109042167664,
            "mae": 0.05431157350540161,
            "kl": 0.8487187374480376,
            "n_masked": 1716
        },
        "V_10": {
            "rmse": 0.34982943534851074,
            "mae": 0.16222557425498962,
            "kl": 1.0059397732926767,
            "n_masked": 1705
        },
        "overall": {
            "rmse": 0.5030885338783264,
            "mae": 0.3251321315765381,
            "kl": 1.4541330753257038,
            "n_masked": 17208
        }
    },
    "val": {
        "V_1": {
            "rmse": 0.622690737247467,
            "mae": 0.5230343341827393,
            "kl": 11.975878731278453,
            "n_masked": 352
        },
        "V_2": {
            "rmse": 0.6031836867332458,
            "mae": 0.4648562967777252,
            "kl": 11.641124225011694,
            "n_masked": 365
        },
        "V_3": {
            "rmse": 0.6076359152793884,
            "mae": 0.4434451758861542,
            "kl": 8.488286756270615,
            "n_masked": 359
        },
        "V_4": {
            "rmse": 0.5077388882637024,
            "mae": 0.3330134451389313,
            "kl": 8.556725542501445,
            "n_masked": 385
        },
        "V_5": {
            "rmse": 0.5015121698379517,
            "mae": 0.33130377531051636,
            "kl": 8.396694104282492,
            "n_masked": 380
        },
        "V_6": {
            "rmse": 0.5178455710411072,
            "mae": 0.3513181507587433,
            "kl": 6.977018315552647,
            "n_masked": 361
        },
        "V_7": {
            "rmse": 0.490926057100296,
            "mae": 0.30395928025245667,
            "kl": 6.836950354992258,
            "n_masked": 366
        },
        "V_8": {
            "rmse": 0.44163066148757935,
            "mae": 0.2604513466358185,
            "kl": 7.0246589554901515,
            "n_masked": 363
        },
        "V_9": {
            "rmse": 0.20127089321613312,
            "mae": 0.052337441593408585,
            "kl": 1.2139614776015346,
            "n_masked": 372
        },
        "V_10": {
            "rmse": 0.3641278147697449,
            "mae": 0.17028650641441345,
            "kl": 2.378154018954533,
            "n_masked": 412
        },
        "overall": {
            "rmse": 0.49822667241096497,
            "mae": 0.3201424777507782,
            "kl": 2.395296771148857,
            "n_masked": 3715
        }
    },
    "test": {
        "V_1": {
            "rmse": 0.6161419153213501,
            "mae": 0.5038978457450867,
            "kl": 11.949918147144642,
            "n_masked": 377
        },
        "V_2": {
            "rmse": 0.640093982219696,
            "mae": 0.5086435079574585,
            "kl": 10.521668079781069,
            "n_masked": 361
        },
        "V_3": {
            "rmse": 0.5762479305267334,
            "mae": 0.4010264575481415,
            "kl": 5.043094765105586,
            "n_masked": 369
        },
        "V_4": {
            "rmse": 0.5207902789115906,
            "mae": 0.3544551730155945,
            "kl": 8.949938178702528,
            "n_masked": 366
        },
        "V_5": {
            "rmse": 0.48852071166038513,
            "mae": 0.3074749708175659,
            "kl": 6.937673591802803,
            "n_masked": 364
        },
        "V_6": {
            "rmse": 0.5427834391593933,
            "mae": 0.37476208806037903,
            "kl": 8.369836705500425,
            "n_masked": 368
        },
        "V_7": {
            "rmse": 0.5213537812232971,
            "mae": 0.33384397625923157,
            "kl": 8.375103574508655,
            "n_masked": 374
        },
        "V_8": {
            "rmse": 0.48348405957221985,
            "mae": 0.3050842583179474,
            "kl": 7.996532257259936,
            "n_masked": 392
        },
        "V_9": {
            "rmse": 0.17047333717346191,
            "mae": 0.04126721993088722,
            "kl": 1.381506773776493,
            "n_masked": 363
        },
        "V_10": {
            "rmse": 0.3322674036026001,
            "mae": 0.1476394683122635,
            "kl": 2.823041912597751,
            "n_masked": 358
        },
        "overall": {
            "rmse": 0.5076547861099243,
            "mae": 0.3286614418029785,
            "kl": 2.3304792920638255,
            "n_masked": 3692
        }
    }
}