{
    "xgboost": {
        "accuracy": 0.8608177633360412,
        "f1": 0.8780256288561936,
        "roc_auc": 0.9341500105855448
    },
    "random_forest": {
        "accuracy": 0.8497156783103168,
        "f1": 0.8719723183391004,
        "roc_auc": 0.9260387997483324
    },
    "logistic_regression": {
        "accuracy": 0.7874356891416193,
        "f1": 0.8142890939200379,
        "roc_auc": 0.8499263484642015
    }
}