{
    "xgboost": {
        "accuracy": 0.8811264554562687,
        "f1": 0.8958975575053356,
        "roc_auc": 0.9502297510458816
    },
    "random_forest": {
        "accuracy": 0.8719198483617655,
        "f1": 0.8895633901470932,
        "roc_auc": 0.9430719846852514
    },
    "logistic_regression": {
        "accuracy": 0.8402382886542107,
        "f1": 0.8591212989493792,
        "roc_auc": 0.9142946598163781
    }
}