{
    "xgboost": {
        "accuracy": 0.9155158407798538,
        "f1": 0.9266917293233082,
        "roc_auc": 0.9705146363790877
    },
    "random_forest": {
        "accuracy": 0.9157866233414568,
        "f1": 0.9277248431326982,
        "roc_auc": 0.9697152041221005
    },
    "logistic_regression": {
        "accuracy": 0.8938532358516111,
        "f1": 0.9080675422138836,
        "roc_auc": 0.9517042726836293
    }
}