{
    "train": {
        "V_1": {
            "rmse": 0.6367602944374084,
            "mae": 0.5336382389068604,
            "kl": 5.362957704993335,
            "n_masked": 1733
        },
        "V_2": {
            "rmse": 0.6214348077774048,
            "mae": 0.49066901206970215,
            "kl": 4.0381834867957185,
            "n_masked": 1720
        },
        "V_3": {
            "rmse": 0.6075615882873535,
            "mae": 0.4461924731731415,
            "kl": 4.028320337400966,
            "n_masked": 1727
        },
        "V_4": {
            "rmse": 0.49607744812965393,
            "mae": 0.3209281861782074,
            "kl": 5.51566028506998,
            "n_masked": 1656
        },
        "V_5": {
            "rmse": 0.4986291527748108,
            "mae": 0.32356569170951843,
            "kl": 5.406115713997133,
            "n_masked": 1694
        },
        "V_6": {
            "rmse": 0.551376223564148,
            "mae": 0.3846563994884491,
            "kl": 6.953529509980158,
            "n_masked": 1692
        },
        "V_7": {
            "rmse": 0.531291127204895,
            "mae": 0.3486420512199402,
            "kl": 2.9827601233431706,
            "n_masked": 1705
        },
        "V_8": {
            "rmse": 0.4956406056880951,
            "mae": 0.31326112151145935,
            "kl": 2.964429357894532,
            "n_masked": 1754
        },
        "V_9": {
            "rmse": 0.18642881512641907,
            "mae": 0.04483519867062569,
            "kl": 0.8000303303668981,
            "n_masked": 1711
        },
        "V_10": {
            "rmse": 0.4455196261405945,
            "mae": 0.23648864030838013,
            "kl": 1.0361941902604106,
            "n_masked": 1685
        },
        "overall": {
            "rmse": 0.5220202803611755,
            "mae": 0.3448396623134613,
            "kl": 1.2297092142226604,
            "n_masked": 17077
        }
    },
    "val": {
        "V_1": {
            "rmse": 0.6267106533050537,
            "mae": 0.5258419513702393,
            "kl": 11.880894633685145,
            "n_masked": 357
        },
        "V_2": {
            "rmse": 0.6329429149627686,
            "mae": 0.5023297667503357,
            "kl": 8.455043171334266,
            "n_masked": 365
        },
        "V_3": {
            "rmse": 0.6067516803741455,
            "mae": 0.44472506642341614,
            "kl": 6.977221202608026,
            "n_masked": 409
        },
        "V_4": {
            "rmse": 0.5146366953849792,
            "mae": 0.3385826051235199,
            "kl": 8.44023457519229,
            "n_masked": 375
        },
        "V_5": {
            "rmse": 0.5108681917190552,
            "mae": 0.3354913294315338,
            "kl": 9.566579041012446,
            "n_masked": 355
        },
        "V_6": {
            "rmse": 0.5295702219009399,
            "mae": 0.36694762110710144,
            "kl": 8.964671201432484,
            "n_masked": 373
        },
        "V_7": {
            "rmse": 0.5569438338279724,
            "mae": 0.374750018119812,
            "kl": 6.708441373077042,
            "n_masked": 356
        },
        "V_8": {
            "rmse": 0.46565476059913635,
            "mae": 0.27713972330093384,
            "kl": 4.618309993041309,
            "n_masked": 385
        },
        "V_9": {
            "rmse": 0.1792629212141037,
            "mae": 0.03861779347062111,
            "kl": 0.9423348565733449,
            "n_masked": 389
        },
        "V_10": {
            "rmse": 0.4567813575267792,
            "mae": 0.23722600936889648,
            "kl": 2.749109293818015,
            "n_masked": 397
        },
        "overall": {
            "rmse": 0.5214954018592834,
            "mae": 0.34172260761260986,
            "kl": 1.918254993759504,
            "n_masked": 3761
        }
    },
    "test": {
        "V_1": {
            "rmse": 0.6140190362930298,
            "mae": 0.49718359112739563,
            "kl": 11.192675744908065,
            "n_masked": 375
        },
        "V_2": {
            "rmse": 0.5903359651565552,
            "mae": 0.44300416111946106,
            "kl": 8.18435692359568,
            "n_masked": 366
        },
        "V_3": {
            "rmse": 0.6154373288154602,
            "mae": 0.4608023762702942,
            "kl": 9.459885101674079,
            "n_masked": 386
        },
        "V_4": {
            "rmse": 0.5123181939125061,
            "mae": 0.3360736072063446,
            "kl": 6.515040136422865,
            "n_masked": 398
        },
        "V_5": {
            "rmse": 0.5047187209129333,
            "mae": 0.32793480157852173,
            "kl": 7.194801591294811,
            "n_masked": 382
        },
        "V_6": {
            "rmse": 0.5420001745223999,
            "mae": 0.3715786635875702,
            "kl": 9.560143899966603,
            "n_masked": 377
        },
        "V_7": {
            "rmse": 0.5038933157920837,
            "mae": 0.3205012381076813,
            "kl": 7.083570533403989,
            "n_masked": 390
        },
        "V_8": {
            "rmse": 0.5227558612823486,
            "mae": 0.34523096680641174,
            "kl": 7.558822118715009,
            "n_masked": 389
        },
        "V_9": {
            "rmse": 0.21608386933803558,
            "mae": 0.06019086763262749,
            "kl": 1.4878772395690916,
            "n_masked": 340
        },
        "V_10": {
            "rmse": 0.4613061249256134,
            "mae": 0.2478407621383667,
            "kl": 3.458365154470386,
            "n_masked": 374
        },
        "overall": {
            "rmse": 0.5218166708946228,
            "mae": 0.3436627686023712,
            "kl": 2.6984820005523926,
            "n_masked": 3777
        }
    }
}