{
    "train": {
        "V_1": {
            "rmse": 0.6475117802619934,
            "mae": 0.5472885966300964,
            "kl": 4.331645117394676,
            "n_masked": 3400
        },
        "V_2": {
            "rmse": 0.6347503662109375,
            "mae": 0.5049840211868286,
            "kl": 5.995444371921694,
            "n_masked": 3522
        },
        "V_3": {
            "rmse": 0.613254725933075,
            "mae": 0.4519706070423126,
            "kl": 3.49067720166596,
            "n_masked": 3531
        },
        "V_4": {
            "rmse": 0.5184441208839417,
            "mae": 0.33935195207595825,
            "kl": 4.967392168497373,
            "n_masked": 3378
        },
        "V_5": {
            "rmse": 0.5344692468643188,
            "mae": 0.36008358001708984,
            "kl": 4.35183559058521,
            "n_masked": 3430
        },
        "V_6": {
            "rmse": 0.5267060399055481,
            "mae": 0.3622633218765259,
            "kl": 5.137511847906433,
            "n_masked": 3435
        },
        "V_7": {
            "rmse": 0.5392627716064453,
            "mae": 0.3561372756958008,
            "kl": 1.625226076089988,
            "n_masked": 3375
        },
        "V_8": {
            "rmse": 0.5119882822036743,
            "mae": 0.32835739850997925,
            "kl": 4.32681892323119,
            "n_masked": 3372
        },
        "V_9": {
            "rmse": 0.24185921251773834,
            "mae": 0.0701245367527008,
            "kl": 0.48023875847706216,
            "n_masked": 3470
        },
        "V_10": {
            "rmse": 0.37658464908599854,
            "mae": 0.181167870759964,
            "kl": 1.439036031662085,
            "n_masked": 3415
        },
        "overall": {
            "rmse": 0.5278830528259277,
            "mae": 0.3505080044269562,
            "kl": 1.425802416036398,
            "n_masked": 34328
        }
    },
    "val": {
        "V_1": {
            "rmse": 0.6419001817703247,
            "mae": 0.5436239242553711,
            "kl": 11.687264077874529,
            "n_masked": 742
        },
        "V_2": {
            "rmse": 0.6252994537353516,
            "mae": 0.49222612380981445,
            "kl": 10.02713720138777,
            "n_masked": 765
        },
        "V_3": {
            "rmse": 0.6114416122436523,
            "mae": 0.44979918003082275,
            "kl": 5.7643005040365525,
            "n_masked": 724
        },
        "V_4": {
            "rmse": 0.5365846157073975,
            "mae": 0.3631358742713928,
            "kl": 7.515179176750598,
            "n_masked": 801
        },
        "V_5": {
            "rmse": 0.5601295232772827,
            "mae": 0.39114582538604736,
            "kl": 6.965927401539898,
            "n_masked": 758
        },
        "V_6": {
            "rmse": 0.5102007389068604,
            "mae": 0.3422662615776062,
            "kl": 7.30535551350134,
            "n_masked": 719
        },
        "V_7": {
            "rmse": 0.5556355118751526,
            "mae": 0.3696238100528717,
            "kl": 5.803980276854412,
            "n_masked": 742
        },
        "V_8": {
            "rmse": 0.5204887986183167,
            "mae": 0.3352351486682892,
            "kl": 8.066873737675136,
            "n_masked": 718
        },
        "V_9": {
            "rmse": 0.21219077706336975,
            "mae": 0.05663899704813957,
            "kl": 1.3191327242690305,
            "n_masked": 755
        },
        "V_10": {
            "rmse": 0.38158082962036133,
            "mae": 0.17970120906829834,
            "kl": 2.863757057269531,
            "n_masked": 756
        },
        "overall": {
            "rmse": 0.5297039747238159,
            "mae": 0.3519522249698639,
            "kl": 2.6064677788493995,
            "n_masked": 7480
        }
    },
    "test": {
        "V_1": {
            "rmse": 0.6341217756271362,
            "mae": 0.5274879932403564,
            "kl": 11.162468086138453,
            "n_masked": 776
        },
        "V_2": {
            "rmse": 0.6259417533874512,
            "mae": 0.49325665831565857,
            "kl": 9.528083664633657,
            "n_masked": 759
        },
        "V_3": {
            "rmse": 0.6057834029197693,
            "mae": 0.433114230632782,
            "kl": 6.569084028271484,
            "n_masked": 742
        },
        "V_4": {
            "rmse": 0.541774332523346,
            "mae": 0.37009209394454956,
            "kl": 8.93442553101144,
            "n_masked": 731
        },
        "V_5": {
            "rmse": 0.5333952307701111,
            "mae": 0.35413897037506104,
            "kl": 5.672083940593267,
            "n_masked": 744
        },
        "V_6": {
            "rmse": 0.5353087782859802,
            "mae": 0.36897900700569153,
            "kl": 7.894981485291803,
            "n_masked": 756
        },
        "V_7": {
            "rmse": 0.5418297648429871,
            "mae": 0.35541418194770813,
            "kl": 4.814883415198918,
            "n_masked": 716
        },
        "V_8": {
            "rmse": 0.5170386433601379,
            "mae": 0.33439692854881287,
            "kl": 6.730729514807229,
            "n_masked": 764
        },
        "V_9": {
            "rmse": 0.24227409064769745,
            "mae": 0.0709146186709404,
            "kl": 1.2266401512707672,
            "n_masked": 707
        },
        "V_10": {
            "rmse": 0.3856109082698822,
            "mae": 0.1823301911354065,
            "kl": 3.006914939462639,
            "n_masked": 727
        },
        "overall": {
            "rmse": 0.5304812788963318,
            "mae": 0.35175082087516785,
            "kl": 2.2284486537557022,
            "n_masked": 7422
        }
    }
}