{
    "train": {
        "V_1": {
            "rmse": 0.6609443426132202,
            "mae": 0.5678437352180481,
            "kl": 5.00327713650456,
            "n_masked": 5143
        },
        "V_2": {
            "rmse": 0.6300377249717712,
            "mae": 0.4972137212753296,
            "kl": 4.513427280024739,
            "n_masked": 5169
        },
        "V_3": {
            "rmse": 0.614683210849762,
            "mae": 0.4537489712238312,
            "kl": 4.802319701314209,
            "n_masked": 5200
        },
        "V_4": {
            "rmse": 0.5131464600563049,
            "mae": 0.3376343548297882,
            "kl": 2.5710088347629885,
            "n_masked": 5165
        },
        "V_5": {
            "rmse": 0.48877841234207153,
            "mae": 0.3125723898410797,
            "kl": 3.384721425131333,
            "n_masked": 5220
        },
        "V_6": {
            "rmse": 0.5347260236740112,
            "mae": 0.37276116013526917,
            "kl": 3.2001647811214413,
            "n_masked": 5180
        },
        "V_7": {
            "rmse": 0.5053152441978455,
            "mae": 0.32077521085739136,
            "kl": 1.6153261239786014,
            "n_masked": 5243
        },
        "V_8": {
            "rmse": 0.5179929733276367,
            "mae": 0.3342337906360626,
            "kl": 5.85965382757396,
            "n_masked": 5173
        },
        "V_9": {
            "rmse": 0.23164014518260956,
            "mae": 0.0646827220916748,
            "kl": 0.5557823285124766,
            "n_masked": 5175
        },
        "V_10": {
            "rmse": 0.36625954508781433,
            "mae": 0.17288073897361755,
            "kl": 0.9553768825670377,
            "n_masked": 5185
        },
        "overall": {
            "rmse": 0.520564615726471,
            "mae": 0.3432465195655823,
            "kl": 1.3130295986822327,
            "n_masked": 51853
        }
    },
    "val": {
        "V_1": {
            "rmse": 0.6488568782806396,
            "mae": 0.5569207072257996,
            "kl": 11.23216695930026,
            "n_masked": 1133
        },
        "V_2": {
            "rmse": 0.6278745532035828,
            "mae": 0.49771222472190857,
            "kl": 8.733069699897374,
            "n_masked": 1120
        },
        "V_3": {
            "rmse": 0.6151541471481323,
            "mae": 0.44780632853507996,
            "kl": 6.536127002712587,
            "n_masked": 1086
        },
        "V_4": {
            "rmse": 0.509028434753418,
            "mae": 0.3391267657279968,
            "kl": 5.635864915696448,
            "n_masked": 1071
        },
        "V_5": {
            "rmse": 0.454633504152298,
            "mae": 0.2785523235797882,
            "kl": 7.24242347649211,
            "n_masked": 1117
        },
        "V_6": {
            "rmse": 0.531467616558075,
            "mae": 0.3685055375099182,
            "kl": 7.215419607685985,
            "n_masked": 1113
        },
        "V_7": {
            "rmse": 0.5112542510032654,
            "mae": 0.3266542851924896,
            "kl": 2.695510100045793,
            "n_masked": 1132
        },
        "V_8": {
            "rmse": 0.4893478751182556,
            "mae": 0.30336272716522217,
            "kl": 7.135419594417324,
            "n_masked": 1051
        },
        "V_9": {
            "rmse": 0.21402694284915924,
            "mae": 0.05603097751736641,
            "kl": 0.8916519682239588,
            "n_masked": 1116
        },
        "V_10": {
            "rmse": 0.3500876724720001,
            "mae": 0.16041426360607147,
            "kl": 2.6619312025705995,
            "n_masked": 1021
        },
        "overall": {
            "rmse": 0.5122649669647217,
            "mae": 0.3352336883544922,
            "kl": 1.967841043491572,
            "n_masked": 10960
        }
    },
    "test": {
        "V_1": {
            "rmse": 0.6558066606521606,
            "mae": 0.55812007188797,
            "kl": 10.876851155228348,
            "n_masked": 1096
        },
        "V_2": {
            "rmse": 0.63132244348526,
            "mae": 0.500664472579956,
            "kl": 12.482452875407702,
            "n_masked": 1068
        },
        "V_3": {
            "rmse": 0.6160638928413391,
            "mae": 0.45074740052223206,
            "kl": 8.804091848361141,
            "n_masked": 1078
        },
        "V_4": {
            "rmse": 0.5075929164886475,
            "mae": 0.33374232053756714,
            "kl": 5.1841525222980875,
            "n_masked": 1110
        },
        "V_5": {
            "rmse": 0.48845431208610535,
            "mae": 0.3107740581035614,
            "kl": 6.654887411531332,
            "n_masked": 1127
        },
        "V_6": {
            "rmse": 0.5402671098709106,
            "mae": 0.3736541271209717,
            "kl": 7.3151986623438585,
            "n_masked": 1151
        },
        "V_7": {
            "rmse": 0.5016186237335205,
            "mae": 0.31624284386634827,
            "kl": 3.595919083384395,
            "n_masked": 1115
        },
        "V_8": {
            "rmse": 0.5121176838874817,
            "mae": 0.3295767307281494,
            "kl": 7.506572082965243,
            "n_masked": 1051
        },
        "V_9": {
            "rmse": 0.22862474620342255,
            "mae": 0.06435869634151459,
            "kl": 1.0687373405734601,
            "n_masked": 1127
        },
        "V_10": {
            "rmse": 0.37855181097984314,
            "mae": 0.1803998202085495,
            "kl": 3.0150031124358803,
            "n_masked": 1109
        },
        "overall": {
            "rmse": 0.5189527869224548,
            "mae": 0.3403443694114685,
            "kl": 2.2617939101847724,
            "n_masked": 11032
        }
    }
}